feature_index,gain_importance,rank
2672,0.18821813,1
2207,0.02022586,2
2204,0.01398299,3
2211,0.0133367,4
1674,0.009160239,5
2665,0.0072259447,6
2650,0.0070607592,7
2210,0.006961753,8
2671,0.006262863,9
1144,0.006159421,10
84,0.005127719,11
2612,0.004062871,12
1681,0.00287405,13
1677,0.0026233348,14
2213,0.0025490269,15
2615,0.0024566122,16
2215,0.0023286908,17
91,0.0020960206,18
2078,0.0019863686,19
2216,0.0018941388,20
618,0.0018360064,21
531,0.0016650087,22
2675,0.001520681,23
620,0.0014903786,24
2082,0.0014274546,25
2085,0.0013872423,26
1891,0.0013595644,27
2120,0.0013340105,28
1151,0.0013155496,29
81,0.0012907251,30
1680,0.0012817327,31
1,0.0012641699,32
811,0.0012574629,33
96,0.0012220464,34
1685,0.0012049441,35
88,0.0011181304,36
2670,0.0010905034,37
2660,0.0010340275,38
830,0.0010150111,39
280,0.0010143329,40
2622,0.0009952695,41
1683,0.0009854325,42
1062,0.0009835967,43
1671,0.0009831715,44
3,0.0009711787,45
505,0.00097063155,46
2401,0.00094064884,47
2495,0.00091040804,48
2,0.0008982186,49
2611,0.00089180685,50
1361,0.0008755652,51
502,0.00087443664,52
1063,0.0008699329,53
1703,0.00085541105,54
1551,0.0008458139,55
2201,0.00083843095,56
2110,0.00082776137,57
303,0.00082754146,58
1141,0.0008271671,59
2686,0.0008213688,60
2075,0.00081187603,61
1545,0.00081104244,62
2123,0.00080844935,63
2379,0.000803365,64
1575,0.0008022254,65
2105,0.0007709655,66
93,0.00076383486,67
2666,0.000756242,68
2286,0.00075361715,69
1015,0.0007470527,70
2605,0.0007457202,71
2410,0.00073838123,72
2640,0.0007319968,73
532,0.000726659,74
2111,0.0007251176,75
803,0.0007162853,76
699,0.00071324455,77
2651,0.0007121961,78
2077,0.00070935034,79
302,0.00069818314,80
1988,0.00069442246,81
2425,0.0006926516,82
1011,0.0006911257,83
1880,0.00068871124,84
2388,0.00068502827,85
820,0.0006824487,86
2190,0.0006697506,87
1032,0.0006632374,88
301,0.0006622933,89
2711,0.0006497854,90
524,0.00064821093,91
2532,0.0006476307,92
1895,0.0006408334,93
2212,0.0006390315,94
2655,0.0006350688,95
533,0.0006300677,96
1678,0.00062999164,97
2233,0.00062981196,98
2421,0.0006287771,99
2092,0.000626675,100
2662,0.00062568835,101
2652,0.0006239967,102
1879,0.0006218231,103
2188,0.0006207868,104
1562,0.0006181975,105
832,0.0006153691,106
2186,0.00061481487,107
611,0.0006144855,108
2610,0.00061432034,109
1350,0.00061361026,110
2074,0.00061340345,111
2707,0.00061334774,112
281,0.0006104161,113
523,0.0005976721,114
1550,0.0005971165,115
2080,0.0005958349,116
1665,0.00058842753,117
1593,0.000588115,118
1871,0.000586309,119
1061,0.0005854479,120
596,0.0005850154,121
1544,0.0005833089,122
2667,0.00058189535,123
2623,0.0005805825,124
2636,0.0005777936,125
2295,0.0005705736,126
174,0.000569981,127
2635,0.00056886824,128
2664,0.0005670339,129
481,0.0005661881,130
2661,0.00056535786,131
300,0.0005633532,132
607,0.0005595516,133
625,0.0005564666,134
1060,0.0005533417,135
891,0.0005531862,136
2625,0.000549374,137
1137,0.0005435859,138
600,0.00054318365,139
359,0.00054249703,140
1229,0.0005395225,141
1535,0.00053803023,142
472,0.00053648103,143
923,0.0005358704,144
1874,0.00053557433,145
705,0.00053551974,146
269,0.00053460256,147
1128,0.0005335773,148
1071,0.0005329965,149
1592,0.0005310318,150
361,0.00052989955,151
1590,0.000524302,152
1667,0.00052367453,153
2603,0.0005217865,154
2217,0.000518379,155
2669,0.00051786576,156
2513,0.00051688874,157
893,0.0005168754,158
61,0.00051441445,159
1363,0.0005132995,160
2486,0.000513065,161
2673,0.000511075,162
1345,0.00051020365,163
1892,0.00050665264,164
2200,0.00050463376,165
2607,0.0005033632,166
2693,0.0005031232,167
1233,0.0004996118,168
1601,0.0004995751,169
2083,0.0004988182,170
1045,0.00049838587,171
2657,0.00049797713,172
375,0.0004979736,173
975,0.0004969023,174
1970,0.0004967117,175
2408,0.0004960675,176
2626,0.00049433595,177
1687,0.0004925846,178
1686,0.0004906454,179
2674,0.00048988016,180
623,0.0004897681,181
2721,0.0004887399,182
393,0.00048649588,183
599,0.00048453556,184
2405,0.00048415194,185
1068,0.00048327472,186
362,0.00048257582,187
899,0.0004816159,188
1153,0.00048025796,189
2081,0.00047860786,190
73,0.000478563,191
1877,0.00047829363,192
432,0.00047692962,193
833,0.00047599743,194
1435,0.0004753901,195
75,0.00047424575,196
396,0.00047148022,197
2411,0.00046879728,198
2710,0.00046751875,199
2668,0.00046557595,200
2031,0.00046529036,201
169,0.0004622154,202
2488,0.0004619529,203
2276,0.0004613801,204
1749,0.0004606337,205
471,0.0004603534,206
120,0.00045932693,207
1065,0.00045896386,208
530,0.00045844453,209
2494,0.00045750296,210
1131,0.00045699454,211
2106,0.0004554626,212
313,0.00045353686,213
2501,0.00045270543,214
2518,0.000452677,215
1472,0.00045056726,216
2195,0.00044905292,217
2094,0.00044870994,218
2557,0.00044787407,219
542,0.00044661525,220
515,0.00044594787,221
613,0.00044569134,222
614,0.00044344185,223
2658,0.0004427203,224
534,0.00044224862,225
2175,0.0004421287,226
559,0.00044201588,227
2196,0.00043958952,228
2516,0.000439559,229
1222,0.00043918422,230
1156,0.00043870707,231
2479,0.000438611,232
501,0.00043822321,233
518,0.0004376795,234
2507,0.00043730094,235
1610,0.0004371139,236
1155,0.0004368627,237
1344,0.0004365337,238
2761,0.00043587116,239
1495,0.00043493378,240
1765,0.00043339867,241
543,0.00043264992,242
2500,0.0004321844,243
2621,0.00043203708,244
605,0.00043176112,245
2504,0.0004298013,246
2436,0.00042965592,247
834,0.0004295642,248
2596,0.00042882547,249
1548,0.00042711402,250
1541,0.00042703946,251
621,0.00042682892,252
1964,0.00042663646,253
1014,0.00042581125,254
1148,0.0004256828,255
2700,0.00042560862,256
2197,0.0004255623,257
2663,0.00042349784,258
1591,0.00042121037,259
1180,0.0004200492,260
1034,0.00041995244,261
177,0.00041991362,262
2182,0.00041904757,263
2300,0.00041853602,264
1049,0.00041798485,265
1126,0.0004179079,266
843,0.0004174664,267
1453,0.00041640614,268
2618,0.00041590974,269
1438,0.00041541012,270
802,0.00041515296,271
2297,0.0004147455,272
1662,0.0004147322,273
1227,0.0004144526,274
890,0.00041418424,275
1602,0.00041362626,276
1759,0.00041325542,277
1358,0.00041204714,278
627,0.00041166917,279
2432,0.00041166917,280
2422,0.0004113624,281
1340,0.0004112314,282
1356,0.0004110941,283
440,0.0004103688,284
1983,0.00041001372,285
2208,0.00040834965,286
1987,0.00040779915,287
603,0.0004065919,288
1932,0.0004050058,289
1542,0.00040483897,290
100,0.0004047425,291
291,0.00040460422,292
57,0.00040413128,293
1132,0.0004028189,294
2390,0.00040270778,295
1764,0.00040267274,296
2656,0.00040255737,297
1580,0.00040254937,298
928,0.00040237082,299
2659,0.00040106414,300
1565,0.0004003095,301
114,0.00039976317,302
1235,0.00039955677,303
2134,0.00039946823,304
1341,0.0003989274,305
2192,0.00039722104,306
55,0.00039656283,307
2131,0.0003958799,308
2313,0.00039561937,309
1555,0.00039526538,310
662,0.0003945227,311
626,0.0003944045,312
860,0.00039384826,313
2298,0.0003935756,314
1023,0.00039265922,315
378,0.00039192883,316
1965,0.000391736,317
2624,0.0003916023,318
82,0.0003915842,319
357,0.00039134268,320
1157,0.00039123712,321
1073,0.0003893499,322
2079,0.0003891119,323
1893,0.00038886332,324
544,0.00038866868,325
1956,0.00038832953,326
643,0.00038804646,327
2702,0.00038543,328
2122,0.00038542584,329
631,0.000384946,330
173,0.000384747,331
360,0.00038458878,332
276,0.00038437365,333
436,0.00038382312,334
1457,0.00038370828,335
1863,0.00038337766,336
1684,0.00038273257,337
606,0.00038236825,338
1152,0.00038232724,339
2485,0.00038214808,340
1078,0.00038206953,341
2341,0.00038205137,342
2493,0.0003817602,343
290,0.0003812165,344
184,0.0003804294,345
1658,0.00038008663,346
1679,0.00037975732,347
2293,0.00037971672,348
1048,0.00037946136,349
368,0.00037872026,350
2641,0.00037857835,351
398,0.00037782142,352
307,0.00037666934,353
1444,0.00037664286,354
2481,0.00037663156,355
1491,0.0003763578,356
1140,0.00037570225,357
2489,0.00037537297,358
2404,0.00037522495,359
2423,0.00037484124,360
1986,0.00037449837,361
1448,0.0003741427,362
390,0.00037393946,363
421,0.00037362048,364
485,0.00037359374,365
812,0.00037356434,366
1342,0.00037275755,367
69,0.00037109194,368
831,0.00037096508,369
1661,0.00036978157,370
801,0.00036978,371
2376,0.00036961838,372
1074,0.00036933948,373
1660,0.0003688775,374
644,0.000368697,375
1346,0.00036866803,376
1578,0.00036779727,377
2433,0.00036779218,378
1572,0.00036640547,379
1058,0.00036639255,380
1608,0.00036559656,381
1967,0.0003653498,382
373,0.0003651848,383
1656,0.00036496736,384
70,0.000364717,385
1147,0.0003646659,386
1070,0.0003640203,387
796,0.00036284234,388
2682,0.0003613732,389
1952,0.00036054032,390
1859,0.00036026692,391
314,0.0003601749,392
1335,0.0003600854,393
981,0.0003595525,394
2715,0.00035935934,395
62,0.00035895812,396
1422,0.0003589048,397
1770,0.00035869627,398
1652,0.000357863,399
1362,0.00035783,400
345,0.00035757205,401
2397,0.0003561626,402
2730,0.00035589965,403
160,0.00035583242,404
1093,0.00035458402,405
1971,0.00035317513,406
839,0.00035283764,407
2653,0.0003526078,408
786,0.00035252763,409
558,0.0003524204,410
2179,0.0003519664,411
2496,0.00035175998,412
266,0.00035171642,413
2427,0.00035169878,414
86,0.000351631,415
1958,0.00035129447,416
1511,0.0003508698,417
536,0.0003508374,418
1664,0.00035063087,419
1870,0.00035053142,420
2121,0.0003503394,421
1564,0.0003497374,422
1712,0.00034971983,423
1030,0.0003494042,424
358,0.0003492098,425
2442,0.00034661993,426
2601,0.0003462385,427
2690,0.00034581596,428
2091,0.00034517207,429
2086,0.00034489515,430
1390,0.00034379793,431
2719,0.00034321792,432
1666,0.00034275558,433
2386,0.00034226372,434
825,0.0003418457,435
1875,0.00034153523,436
2743,0.00034152227,437
547,0.00034144515,438
2272,0.00034136837,439
140,0.00034110926,440
13,0.00034102847,441
1768,0.00033958172,442
71,0.00033933588,443
799,0.0003392285,444
98,0.00033898884,445
181,0.00033894213,446
95,0.0003388912,447
2101,0.0003380739,448
1177,0.0003379739,449
1451,0.00033740173,450
366,0.00033739902,451
380,0.0003369001,452
2639,0.00033684025,453
513,0.00033675184,454
1300,0.00033624665,455
1085,0.00033559644,456
2517,0.0003354999,457
897,0.0003353134,458
1377,0.00033471713,459
258,0.00033457085,460
2415,0.0003345246,461
1547,0.0003339617,462
2786,0.00033336863,463
1766,0.00033336144,464
2275,0.00033329809,465
1657,0.0003328459,466
1436,0.00033279744,467
2114,0.00033245626,468
1047,0.00033236982,469
14,0.0003323509,470
1142,0.000331678,471
2694,0.0003315497,472
1365,0.0003314027,473
2588,0.0003313625,474
1102,0.0003308268,475
2676,0.00033076634,476
1537,0.00033035147,477
506,0.00033026433,478
504,0.00032912093,479
993,0.0003287061,480
1826,0.0003284005,481
2511,0.0003282125,482
1603,0.00032817243,483
1120,0.0003277954,484
2677,0.00032778917,485
1763,0.00032722947,486
77,0.00032665988,487
689,0.0003265407,488
273,0.00032605496,489
2290,0.00032592026,490
2691,0.000325825,491
2107,0.00032575053,492
2468,0.00032520475,493
2277,0.00032513795,494
670,0.00032494066,495
1458,0.0003246649,496
1241,0.00032455812,497
650,0.000324534,498
595,0.0003236709,499
903,0.0003231902,500
1963,0.00032304978,501
1595,0.00032297985,502
1334,0.00032173673,503
2136,0.00032170827,504
2604,0.00032166345,505
2716,0.00032161392,506
1605,0.00032156406,507
459,0.00032126094,508
914,0.00032123117,509
1042,0.0003211245,510
1583,0.000321007,511
1031,0.0003207637,512
74,0.00032067718,513
2490,0.0003204572,514
1726,0.00032035535,515
1581,0.00032033617,516
630,0.0003202468,517
2252,0.00032021457,518
1057,0.0003201739,519
844,0.0003201037,520
298,0.00031993847,521
260,0.0003197901,522
896,0.00031965802,523
510,0.00031958378,524
2224,0.00031953797,525
1900,0.0003193937,526
97,0.00031905074,527
395,0.00031892658,528
1790,0.00031875435,529
364,0.00031869434,530
2581,0.00031850644,531
20,0.000318345,532
152,0.00031789145,533
330,0.0003178152,534
763,0.0003177271,535
2294,0.00031756738,536
2125,0.0003173743,537
1052,0.0003170278,538
143,0.00031699118,539
1682,0.00031688483,540
103,0.0003167907,541
645,0.00031626996,542
9,0.0003160137,543
540,0.0003155629,544
898,0.00031503712,545
1025,0.0003147548,546
2483,0.00031445458,547
2193,0.0003142389,548
1949,0.00031414942,549
2742,0.0003138056,550
1867,0.00031348295,551
1455,0.00031336112,552
311,0.0003133146,553
1129,0.00031292264,554
520,0.00031281065,555
1600,0.00031260852,556
1348,0.00031249895,557
1947,0.0003122956,558
2512,0.00031219953,559
1528,0.00031212246,560
537,0.00031201687,561
781,0.00031151815,562
482,0.00031147434,563
293,0.00031140156,564
1423,0.00031117717,565
1708,0.00031101186,566
487,0.0003109499,567
539,0.0003107835,568
906,0.00031053796,569
1069,0.00031016534,570
1972,0.00030973024,571
828,0.00030962296,572
986,0.00030954042,573
90,0.00030949683,574
1635,0.00030939895,575
1598,0.00030905197,576
2301,0.00030893044,577
1832,0.0003087652,578
1224,0.00030850375,579
1236,0.000308398,580
132,0.00030822944,581
1327,0.00030791207,582
486,0.00030789056,583
1080,0.00030767295,584
2203,0.000307244,585
888,0.0003069284,586
1864,0.00030680458,587
795,0.0003066224,588
2637,0.00030625865,589
2214,0.00030621988,590
474,0.00030619957,591
548,0.00030612186,592
161,0.00030607576,593
63,0.0003060464,594
1425,0.00030600574,595
377,0.00030589,596
2515,0.00030554004,597
1136,0.00030534377,598
1518,0.00030523396,599
433,0.00030509822,600
1881,0.00030507243,601
1957,0.00030505916,602
821,0.0003046668,603
2420,0.00030455814,604
1440,0.0003043886,605
2751,0.00030436672,606
1846,0.00030365208,607
2602,0.00030358965,608
2462,0.00030352292,609
113,0.0003035039,610
2609,0.00030324078,611
2187,0.00030313627,612
2722,0.00030296567,613
2736,0.0003027319,614
2209,0.00030271843,615
1173,0.00030261342,616
1012,0.00030215332,617
2406,0.00030195783,618
628,0.0003010358,619
205,0.00030089833,620
572,0.00030051605,621
1904,0.00030038683,622
1903,0.00030034015,623
648,0.00030015252,624
2638,0.00029986308,625
2767,0.0002996489,626
598,0.0002996475,627
2713,0.0002996279,628
347,0.00029953933,629
1337,0.00029919232,630
244,0.0002991544,631
1174,0.00029909084,632
706,0.00029908764,633
1437,0.00029900475,634
1636,0.00029898528,635
370,0.00029888097,636
2128,0.00029877925,637
1540,0.00029877812,638
1974,0.000298524,639
2407,0.00029849255,640
1084,0.00029847468,641
72,0.00029842212,642
1953,0.00029835055,643
2591,0.00029802622,644
1975,0.00029787936,645
245,0.0002975611,646
2150,0.0002975172,647
1304,0.00029743073,648
624,0.0002972882,649
514,0.00029719467,650
382,0.00029709065,651
915,0.00029679597,652
320,0.00029671792,653
129,0.00029664204,654
133,0.00029656824,655
2696,0.0002960212,656
282,0.00029594236,657
1234,0.0002956992,658
703,0.00029518487,659
2776,0.00029503304,660
2787,0.0002950199,661
922,0.00029484124,662
1611,0.0002947669,663
1072,0.00029476645,664
577,0.00029463955,665
616,0.00029435512,666
56,0.00029392552,667
1521,0.0002938783,668
1044,0.00029387322,669
1649,0.00029369837,670
1374,0.00029353928,671
641,0.00029340957,672
1013,0.00029332662,673
367,0.00029324894,674
2288,0.00029318422,675
1434,0.000293137,676
1101,0.00029294772,677
1134,0.00029293133,678
2292,0.00029268535,679
1127,0.0002920884,680
591,0.00029177155,681
2757,0.0002917002,682
232,0.00029156843,683
47,0.00029147288,684
1149,0.00029097707,685
2163,0.0002908985,686
305,0.00029050978,687
541,0.00029046548,688
1481,0.00029040122,689
41,0.00029036216,690
354,0.00029001347,691
287,0.0002899856,692
962,0.0002898275,693
2381,0.0002897227,694
12,0.00028970675,695
2613,0.00028951236,696
1053,0.00028945296,697
651,0.0002893105,698
516,0.00028929397,699
2393,0.00028914993,700
2181,0.00028901917,701
284,0.0002888147,702
374,0.00028876067,703
241,0.00028867822,704
2342,0.00028857955,705
0,0.00028850636,706
5,0.00028850135,707
1020,0.00028839128,708
2620,0.00028825982,709
1522,0.00028811843,710
1122,0.00028799687,711
371,0.00028791392,712
1359,0.0002877315,713
1746,0.00028757882,714
457,0.0002875681,715
2725,0.00028743118,716
674,0.00028733778,717
1645,0.00028729634,718
1378,0.00028722436,719
1169,0.00028712463,720
304,0.00028705006,721
1373,0.0002866985,722
2360,0.00028637354,723
420,0.00028624668,724
240,0.0002862161,725
348,0.00028608978,726
2444,0.00028594342,727
2509,0.0002859093,728
1328,0.00028577124,729
2071,0.0002856989,730
66,0.0002851132,731
87,0.00028505552,732
622,0.00028499786,733
295,0.00028493727,734
2108,0.00028472574,735
1807,0.00028457417,736
257,0.00028443657,737
1670,0.00028425854,738
2185,0.0002841122,739
698,0.00028403,740
1076,0.00028393423,741
488,0.00028391602,742
1270,0.00028390466,743
414,0.0002838708,744
8,0.00028382475,745
1158,0.0002837197,746
1910,0.00028328932,747
312,0.00028326554,748
490,0.0002832491,749
2402,0.00028322695,750
1902,0.00028318452,751
1133,0.00028312372,752
1577,0.0002828795,753
1985,0.00028277168,754
1897,0.00028265177,755
2278,0.00028250288,756
1305,0.00028237925,757
814,0.00028235614,758
1460,0.00028235264,759
868,0.00028234549,760
2240,0.00028227057,761
2194,0.0002822357,762
1429,0.0002821879,763
213,0.00028214208,764
1006,0.00028201955,765
1492,0.00028187005,766
202,0.00028160663,767
1771,0.0002815851,768
369,0.0002815677,769
2064,0.0002812872,770
2454,0.00028109626,771
493,0.00028106378,772
1179,0.00028098616,773
995,0.00028092013,774
2364,0.00028070709,775
1456,0.00028069838,776
235,0.00028053336,777
1322,0.00028041846,778
1878,0.0002803281,779
2430,0.00028021116,780
2680,0.00028016558,781
2705,0.0002801188,782
1051,0.00027984916,783
2741,0.00027972658,784
1935,0.00027959966,785
309,0.00027955815,786
666,0.00027952762,787
2137,0.0002794706,788
877,0.0002794567,789
319,0.00027936688,790
649,0.00027930338,791
1754,0.00027909508,792
2642,0.00027905943,793
682,0.00027895687,794
271,0.000278797,795
2392,0.00027870334,796
1650,0.00027858783,797
1433,0.00027813148,798
387,0.00027784338,799
1646,0.0002777263,800
1432,0.00027746218,801
1516,0.0002773105,802
904,0.0002770556,803
2336,0.00027705077,804
2132,0.00027662792,805
804,0.0002763206,806
973,0.00027624972,807
612,0.00027620248,808
11,0.0002760676,809
1336,0.0002760092,810
85,0.0002755078,811
885,0.00027540053,812
2124,0.00027510055,813
2234,0.0002749763,814
1371,0.00027497174,815
270,0.00027490934,816
1851,0.0002749017,817
116,0.00027469566,818
1254,0.0002746623,819
2560,0.00027418535,820
1165,0.00027408614,821
2600,0.0002740824,822
2004,0.00027391966,823
2061,0.0002737663,824
1615,0.00027361306,825
1689,0.00027360345,826
1653,0.00027355846,827
2510,0.00027355735,828
1333,0.00027352636,829
2704,0.00027327565,830
1191,0.0002732333,831
153,0.00027323302,832
1811,0.00027318543,833
1853,0.00027317865,834
805,0.00027293435,835
83,0.000272911,836
2152,0.00027275106,837
423,0.00027272286,838
500,0.00027228708,839
1226,0.0002722742,840
579,0.00027166054,841
617,0.00027159092,842
1782,0.00027157096,843
2090,0.00027126755,844
2279,0.00027114895,845
813,0.00027105876,846
2264,0.00027105495,847
2717,0.000270767,848
570,0.0002703234,849
2654,0.0002702979,850
2126,0.00027024315,851
2685,0.00027017787,852
1700,0.00027010878,853
1854,0.00026993197,854
2434,0.00026959443,855
36,0.00026933025,856
349,0.0002692066,857
1200,0.00026909035,858
905,0.00026893755,859
1351,0.0002687358,860
210,0.00026863618,861
1913,0.00026856828,862
2333,0.00026838668,863
2394,0.00026831237,864
2567,0.00026826764,865
1272,0.00026826496,866
902,0.0002682484,867
1945,0.00026824186,868
2687,0.00026786595,869
101,0.00026771057,870
2477,0.00026767852,871
2762,0.0002676602,872
34,0.00026755943,873
2366,0.00026755652,874
970,0.00026753955,875
2770,0.00026733283,876
2714,0.00026727695,877
593,0.00026722098,878
2296,0.0002671691,879
1676,0.0002669424,880
2231,0.000266873,881
602,0.00026662982,882
17,0.00026652013,883
2782,0.00026645197,884
476,0.0002663712,885
2218,0.00026602097,886
147,0.00026584367,887
394,0.00026580977,888
428,0.00026574652,889
807,0.00026563913,890
988,0.00026563313,891
2139,0.0002656051,892
918,0.0002655994,893
2576,0.0002654779,894
2287,0.0002654621,895
2633,0.0002653702,896
1091,0.00026534358,897
343,0.00026524963,898
1130,0.00026511832,899
1954,0.00026510406,900
1730,0.0002648641,901
2361,0.00026477745,902
2380,0.00026455984,903
1898,0.00026454174,904
484,0.0002644755,905
180,0.00026446002,906
68,0.0002643718,907
1831,0.00026425926,908
1007,0.00026424168,909
167,0.0002641427,910
30,0.0002638458,911
2395,0.00026371135,912
747,0.0002630806,913
545,0.0002630791,914
1830,0.00026306094,915
829,0.00026302587,916
1223,0.00026286498,917
1569,0.0002627651,918
2177,0.0002627566,919
1981,0.00026270968,920
67,0.00026242455,921
1659,0.0002616942,922
771,0.00026165933,923
615,0.00026150097,924
468,0.00026144518,925
2174,0.00026142868,926
750,0.00026141838,927
1655,0.000261311,928
2585,0.00026128674,929
849,0.00026124384,930
704,0.00026124145,931
233,0.00026119075,932
1075,0.00026117443,933
2679,0.0002611294,934
1869,0.00026099858,935
2701,0.0002609486,936
60,0.00026091872,937
54,0.00026077597,938
1710,0.00026054698,939
2308,0.00026054453,940
214,0.00026047303,941
1908,0.0002604009,942
385,0.0002602177,943
58,0.0002598382,944
2614,0.00025954773,945
2205,0.00025951563,946
274,0.00025939345,947
1704,0.00025926827,948
2291,0.00025902895,949
2439,0.00025856248,950
1403,0.00025853148,951
402,0.0002582468,952
1673,0.00025822784,953
2429,0.00025810266,954
900,0.00025767137,955
1697,0.00025766887,956
2487,0.0002576038,957
1292,0.00025757312,958
775,0.00025712827,959
1459,0.00025699704,960
978,0.00025698444,961
2396,0.0002569075,962
1622,0.00025672957,963
1387,0.00025635265,964
1119,0.00025619904,965
323,0.000256165,966
2647,0.00025613044,967
2331,0.00025607465,968
761,0.00025600154,969
2358,0.00025586097,970
1106,0.00025578833,971
1089,0.0002557146,972
158,0.00025561138,973
2220,0.00025496885,974
2225,0.0002548274,975
1560,0.00025474635,976
1266,0.00025448267,977
1315,0.00025444076,978
2706,0.00025414693,979
1688,0.0002541135,980
770,0.0002540677,981
710,0.00025391532,982
1745,0.00025387525,983
1663,0.00025384556,984
397,0.00025382408,985
619,0.00025364495,986
798,0.0002531844,987
175,0.0002529801,988
1939,0.000252958,989
2140,0.00025293088,990
19,0.00025282145,991
2311,0.0002527554,992
1405,0.00025274054,993
44,0.00025268883,994
1367,0.00025264666,995
566,0.00025259465,996
859,0.00025256988,997
837,0.00025253638,998
2254,0.00025246822,999
1145,0.00025231644,1000
1566,0.00025228466,1001
1835,0.00025208766,1002
1809,0.00025207104,1003
2119,0.0002520302,1004
1181,0.0002519765,1005
594,0.00025165995,1006
587,0.00025165555,1007
1818,0.00025150197,1008
788,0.00025120348,1009
2753,0.0002510261,1010
1302,0.00025068503,1011
336,0.00025038247,1012
1037,0.00025024608,1013
246,0.00025024303,1014
2627,0.0002497988,1015
2505,0.0002496391,1016
1631,0.0002495584,1017
1389,0.000249284,1018
2130,0.0002491885,1019
18,0.00024910882,1020
1836,0.0002488153,1021
2355,0.0002486349,1022
2316,0.00024861994,1023
2176,0.0002486155,1024
851,0.00024834464,1025
188,0.00024830273,1026
1092,0.00024816496,1027
2540,0.00024798655,1028
194,0.00024785375,1029
376,0.0002477666,1030
685,0.0002475607,1031
1038,0.000247415,1032
1606,0.00024725497,1033
2527,0.00024723378,1034
1817,0.00024722458,1035
1989,0.00024704714,1036
554,0.00024695264,1037
1216,0.00024683462,1038
528,0.00024649952,1039
2441,0.00024641797,1040
1966,0.00024603016,1041
774,0.00024572638,1042
2058,0.0002457004,1043
10,0.00024564486,1044
410,0.00024555952,1045
2199,0.0002454945,1046
105,0.0002454138,1047
1882,0.0002453511,1048
1343,0.0002453143,1049
1232,0.00024526918,1050
2285,0.00024515385,1051
800,0.00024513187,1052
907,0.0002450635,1053
1427,0.00024493056,1054
2781,0.00024492596,1055
1035,0.0002448535,1056
1623,0.0002447299,1057
199,0.00024472096,1058
363,0.00024469494,1059
2403,0.00024466644,1060
806,0.000244647,1061
2118,0.00024446257,1062
2310,0.00024444767,1063
901,0.00024437037,1064
2643,0.00024427383,1065
2766,0.00024422404,1066
1959,0.00024420102,1067
2046,0.00024377128,1068
2482,0.00024375266,1069
2026,0.0002437235,1070
1561,0.00024359596,1071
1873,0.00024324053,1072
2599,0.00024320256,1073
2502,0.0002429643,1074
519,0.00024270298,1075
94,0.00024256323,1076
2760,0.00024239128,1077
1845,0.00024236858,1078
23,0.0002423372,1079
2003,0.00024227756,1080
111,0.00024215243,1081
2475,0.00024188912,1082
215,0.00024186632,1083
1774,0.00024175235,1084
2095,0.00024174862,1085
1421,0.00024169867,1086
159,0.00024167691,1087
1207,0.0002416317,1088
707,0.00024162602,1089
413,0.00024114612,1090
512,0.00024082039,1091
1796,0.000240587,1092
1043,0.00024028753,1093
1123,0.00024021023,1094
1909,0.00024017453,1095
99,0.00023999975,1096
76,0.00023997275,1097
2697,0.00023990765,1098
1525,0.00023984215,1099
480,0.00023975101,1100
968,0.00023970808,1101
1225,0.00023969017,1102
1643,0.00023950324,1103
2189,0.00023945473,1104
243,0.00023944888,1105
38,0.00023943742,1106
729,0.00023939612,1107
546,0.0002393627,1108
2409,0.00023934605,1109
1005,0.0002392857,1110
637,0.00023926405,1111
1914,0.00023925466,1112
549,0.00023912336,1113
1464,0.00023910851,1114
130,0.00023904392,1115
2256,0.00023891102,1116
469,0.00023886288,1117
2750,0.0002388322,1118
1172,0.00023877749,1119
909,0.00023873849,1120
78,0.00023863479,1121
673,0.00023861993,1122
2198,0.00023853332,1123
59,0.00023844789,1124
2771,0.00023801421,1125
1415,0.00023794822,1126
1114,0.00023780827,1127
1998,0.00023774372,1128
223,0.00023770734,1129
1332,0.00023763943,1130
929,0.00023745316,1131
2440,0.00023735504,1132
977,0.00023726509,1133
2428,0.00023714802,1134
2066,0.00023709868,1135
2438,0.00023702387,1136
1441,0.00023693059,1137
818,0.0002368986,1138
463,0.00023682445,1139
571,0.00023672896,1140
1394,0.00023668676,1141
609,0.00023659176,1142
1279,0.00023655605,1143
1259,0.00023653245,1144
1186,0.00023640094,1145
7,0.00023636539,1146
123,0.00023624468,1147
1430,0.00023608486,1148
2644,0.00023604171,1149
957,0.00023593371,1150
1973,0.0002359167,1151
1848,0.0002357757,1152
1553,0.00023571546,1153
1978,0.00023547212,1154
1705,0.00023529577,1155
604,0.00023498185,1156
1260,0.00023476146,1157
308,0.00023468735,1158
1376,0.00023461564,1159
249,0.00023458502,1160
16,0.00023456146,1161
2138,0.00023452545,1162
1150,0.00023443263,1163
826,0.00023426484,1164
1937,0.00023403215,1165
340,0.00023389667,1166
1761,0.000233853,1167
25,0.00023381104,1168
653,0.00023378099,1169
2103,0.00023362883,1170
32,0.00023345154,1171
508,0.00023328642,1172
2337,0.00023326123,1173
845,0.00023323165,1174
2709,0.00023323139,1175
1465,0.00023302974,1176
1295,0.00023300054,1177
835,0.00023295327,1178
809,0.00023289838,1179
782,0.00023289694,1180
185,0.0002328728,1181
2261,0.00023257926,1182
1543,0.00023216428,1183
288,0.00023210011,1184
719,0.00023208887,1185
262,0.00023204276,1186
2112,0.00023188393,1187
2476,0.00023186243,1188
1039,0.0002318413,1189
2384,0.00023177051,1190
384,0.00023168666,1191
1228,0.00023168059,1192
43,0.0002316486,1193
102,0.00023162227,1194
1280,0.0002315766,1195
267,0.000231467,1196
773,0.00023133738,1197
1115,0.0002313313,1198
342,0.00023128698,1199
2752,0.0002312499,1200
535,0.00023124949,1201
2572,0.0002310527,1202
927,0.00023077139,1203
1325,0.00023061893,1204
963,0.00023060203,1205
2575,0.00023042434,1206
824,0.00023032824,1207
1907,0.00023008743,1208
2508,0.00022999897,1209
2792,0.00022982853,1210
1741,0.00022976389,1211
2281,0.0002297627,1212
2260,0.00022973599,1213
713,0.000229725,1214
2306,0.00022960584,1215
1822,0.00022956399,1216
910,0.00022928703,1217
2271,0.00022921938,1218
2788,0.00022904221,1219
1370,0.00022899067,1220
1977,0.00022898812,1221
690,0.00022890074,1222
2712,0.00022886103,1223
752,0.00022871514,1224
458,0.00022862022,1225
1567,0.00022852291,1226
2116,0.00022841085,1227
2478,0.00022813177,1228
381,0.00022768503,1229
451,0.00022735339,1230
2400,0.00022718227,1231
1734,0.0002270893,1232
1474,0.00022675861,1233
1962,0.00022673357,1234
2096,0.00022642605,1235
1890,0.00022636565,1236
1526,0.00022636329,1237
1576,0.00022627148,1238
940,0.00022624382,1239
563,0.00022623915,1240
1612,0.00022622151,1241
810,0.00022617701,1242
1240,0.00022615532,1243
1166,0.00022593918,1244
2708,0.00022585776,1245
65,0.00022576914,1246
1033,0.00022560879,1247
1243,0.00022559341,1248
1426,0.00022558383,1249
1647,0.00022539627,1250
1839,0.00022539195,1251
2740,0.00022526908,1252
108,0.00022523962,1253
2051,0.00022515039,1254
646,0.00022493632,1255
42,0.00022455104,1256
1326,0.00022450014,1257
1238,0.00022448703,1258
1651,0.0002241963,1259
2419,0.0002241871,1260
2703,0.00022414915,1261
156,0.00022404907,1262
204,0.00022401474,1263
925,0.00022388424,1264
1587,0.00022369523,1265
1439,0.00022368754,1266
797,0.00022366147,1267
135,0.00022351198,1268
2445,0.00022343887,1269
1056,0.000223396,1270
171,0.00022339186,1271
711,0.00022338434,1272
1431,0.00022337491,1273
1829,0.00022337193,1274
2371,0.00022329553,1275
149,0.00022324249,1276
4,0.00022324224,1277
590,0.00022318076,1278
912,0.00022306197,1279
1209,0.00022297293,1280
1004,0.00022294007,1281
2503,0.00022293779,1282
2724,0.00022286446,1283
316,0.00022270066,1284
720,0.00022263,1285
638,0.00022253698,1286
919,0.00022252234,1287
757,0.00022248807,1288
1637,0.00022238876,1289
2339,0.00022237502,1290
2497,0.00022236299,1291
766,0.0002223551,1292
2117,0.00022231809,1293
1267,0.00022222188,1294
2102,0.00022218793,1295
2561,0.00022207783,1296
2016,0.00022197532,1297
916,0.00022195115,1298
2799,0.00022191583,1299
121,0.00022180409,1300
2727,0.00022174664,1301
124,0.00022151833,1302
2191,0.00022145265,1303
264,0.00022139051,1304
2148,0.00022132118,1305
321,0.00022125574,1306
1906,0.00022110986,1307
2754,0.00022103639,1308
1927,0.00022089029,1309
2756,0.00022085733,1310
875,0.00022075282,1311
708,0.00022069953,1312
2470,0.0002206598,1313
2498,0.00022036121,1314
353,0.0002203011,1315
2239,0.00022026636,1316
1573,0.00022017994,1317
894,0.00022015297,1318
1815,0.00021998018,1319
2162,0.00021983236,1320
2069,0.00021982678,1321
1563,0.00021980553,1322
2748,0.00021973706,1323
1872,0.00021956564,1324
1980,0.00021947971,1325
2630,0.00021947887,1326
2530,0.00021940941,1327
1568,0.00021930506,1328
2737,0.00021925323,1329
1382,0.00021924994,1330
1098,0.00021917076,1331
878,0.00021902584,1332
2775,0.00021901377,1333
1276,0.00021893825,1334
2172,0.00021882178,1335
1582,0.00021881193,1336
1804,0.00021871369,1337
1624,0.00021869483,1338
2178,0.00021867367,1339
237,0.00021867022,1340
1366,0.00021860024,1341
1711,0.00021849823,1342
2646,0.00021849036,1343
1757,0.00021834736,1344
28,0.00021830939,1345
1040,0.00021826917,1346
1486,0.00021823724,1347
296,0.00021809732,1348
1928,0.00021791778,1349
310,0.00021790512,1350
2648,0.00021782918,1351
2377,0.00021782133,1352
1124,0.00021762775,1353
1154,0.0002175955,1354
608,0.00021748646,1355
1046,0.00021743042,1356
191,0.00021738418,1357
117,0.00021724102,1358
917,0.0002171773,1359
817,0.00021706535,1360
1756,0.00021704323,1361
2067,0.00021694835,1362
1923,0.00021692064,1363
2000,0.00021685024,1364
1640,0.00021656952,1365
2098,0.0002163893,1366
388,0.00021621368,1367
1911,0.00021613411,1368
92,0.00021608216,1369
989,0.00021604073,1370
816,0.00021601665,1371
1189,0.00021593313,1372
1960,0.00021588654,1373
2206,0.00021585054,1374
723,0.00021580397,1375
1951,0.00021572948,1376
426,0.00021569338,1377
1571,0.00021567069,1378
1946,0.00021553265,1379
327,0.00021552673,1380
692,0.00021542712,1381
1182,0.00021533754,1382
1244,0.00021531915,1383
1888,0.00021530247,1384
733,0.00021522758,1385
1618,0.00021518732,1386
1760,0.00021516945,1387
372,0.00021514927,1388
858,0.000215008,1389
886,0.00021499277,1390
592,0.0002149764,1391
550,0.00021474474,1392
1596,0.00021459187,1393
2356,0.00021444548,1394
1324,0.00021404924,1395
2219,0.00021397091,1396
1690,0.0002139438,1397
2692,0.00021383903,1398
2373,0.0002138377,1399
168,0.0002138093,1400
255,0.0002138009,1401
677,0.0002137862,1402
2161,0.00021377574,1403
2346,0.00021361509,1404
1050,0.00021346376,1405
2338,0.00021340686,1406
808,0.00021322547,1407
2334,0.0002130854,1408
318,0.00021306048,1409
1416,0.00021296035,1410
2592,0.00021296034,1411
2412,0.00021271918,1412
1008,0.00021264105,1413
1301,0.00021263093,1414
1536,0.00021258646,1415
1159,0.00021257963,1416
2385,0.00021249875,1417
1546,0.00021248798,1418
527,0.00021220562,1419
1654,0.00021215715,1420
1707,0.00021212465,1421
1834,0.00021210736,1422
478,0.00021208156,1423
176,0.00021200617,1424
1669,0.00021200586,1425
1360,0.0002119973,1426
2232,0.00021181715,1427
2153,0.00021168828,1428
1219,0.00021165817,1429
1982,0.00021151666,1430
1263,0.00021151562,1431
1876,0.00021148211,1432
1857,0.00021144401,1433
2226,0.00021121785,1434
15,0.00021120175,1435
553,0.00021119781,1436
259,0.00021113578,1437
503,0.00021084286,1438
166,0.00021082774,1439
688,0.00021076843,1440
239,0.00021061033,1441
529,0.00021058625,1442
836,0.0002105019,1443
2155,0.000210147,1444
2238,0.00021004013,1445
1194,0.00020997282,1446
2678,0.0002099455,1447
2695,0.00020989319,1448
2141,0.0002096843,1449
2597,0.00020962693,1450
822,0.00020944381,1451
2780,0.00020941885,1452
1810,0.00020931207,1453
2424,0.000209287,1454
229,0.00020914015,1455
2683,0.0002088492,1456
1380,0.00020882441,1457
2783,0.00020862938,1458
2184,0.00020852676,1459
1901,0.00020845141,1460
1625,0.00020836895,1461
479,0.00020821359,1462
1146,0.00020819691,1463
2779,0.00020812209,1464
1353,0.00020805522,1465
2797,0.00020797511,1466
695,0.00020796679,1467
2514,0.00020785746,1468
45,0.00020783175,1469
1512,0.00020779055,1470
1338,0.0002077215,1471
254,0.00020719173,1472
1885,0.00020714752,1473
1861,0.00020712263,1474
1922,0.00020693397,1475
465,0.00020689788,1476
139,0.0002068386,1477
399,0.00020667317,1478
278,0.00020667215,1479
2257,0.00020667071,1480
110,0.00020663804,1481
455,0.00020642023,1482
521,0.00020636813,1483
1312,0.00020629884,1484
744,0.00020623053,1485
1090,0.00020622459,1486
495,0.0002061852,1487
2104,0.0002060898,1488
228,0.0002060001,1489
29,0.00020593705,1490
1347,0.00020592118,1491
1866,0.00020579735,1492
2251,0.00020574515,1493
961,0.00020571602,1494
2166,0.00020570993,1495
1477,0.000205692,1496
64,0.00020565875,1497
1099,0.00020552365,1498
1523,0.00020552131,1499
338,0.00020548304,1500
1138,0.00020534793,1501
341,0.00020527317,1502
1462,0.00020524231,1503
1672,0.00020517004,1504
403,0.00020511105,1505
157,0.00020507777,1506
2329,0.00020505345,1507
511,0.00020503033,1508
1632,0.00020491655,1509
1183,0.00020490418,1510
701,0.00020489442,1511
2246,0.00020478784,1512
1079,0.0002047039,1513
1693,0.00020454117,1514
2352,0.00020451669,1515
683,0.0002044691,1516
2253,0.00020446694,1517
1273,0.00020433818,1518
1288,0.00020430952,1519
722,0.0002041248,1520
659,0.0002041205,1521
2028,0.00020406964,1522
251,0.00020394441,1523
2129,0.00020393163,1524
610,0.0002038903,1525
1067,0.00020383806,1526
1331,0.0002038153,1527
1619,0.00020375251,1528
1214,0.0002037131,1529
1476,0.0002036471,1530
2457,0.00020362553,1531
1107,0.00020354018,1532
2154,0.00020343678,1533
417,0.0002033314,1534
1293,0.0002031484,1535
955,0.00020300203,1536
1195,0.00020299814,1537
597,0.00020289657,1538
1609,0.00020283628,1539
2417,0.00020280709,1540
332,0.00020272752,1541
1884,0.0002026415,1542
1271,0.00020262289,1543
1170,0.00020239822,1544
1198,0.00020237172,1545
2262,0.00020202113,1546
2357,0.00020200062,1547
852,0.00020199141,1548
234,0.00020188729,1549
924,0.00020181962,1550
2450,0.00020176341,1551
1125,0.00020168687,1552
2772,0.0002015923,1553
2583,0.00020158329,1554
1402,0.0002015139,1555
1941,0.00020149576,1556
261,0.00020148788,1557
1369,0.00020136063,1558
383,0.0002012705,1559
787,0.0002010581,1560
1776,0.00020104575,1561
855,0.00020093314,1562
317,0.0002008771,1563
846,0.00020075012,1564
1193,0.00020069077,1565
526,0.00020068693,1566
1735,0.00020068581,1567
2268,0.00020047596,1568
2159,0.00020042669,1569
992,0.00020030301,1570
2273,0.00020006059,1571
793,0.00019998978,1572
1720,0.00019996524,1573
473,0.00019994982,1574
231,0.00019991706,1575
827,0.0001998622,1576
946,0.000199639,1577
889,0.00019940842,1578
687,0.00019940591,1579
1841,0.0001993824,1580
2735,0.00019935805,1581
1889,0.00019934462,1582
1718,0.00019929846,1583
2023,0.0001992438,1584
867,0.00019901127,1585
2758,0.00019900705,1586
1100,0.0001989561,1587
37,0.00019891633,1588
292,0.00019874402,1589
196,0.00019872568,1590
2467,0.00019866119,1591
1767,0.00019864681,1592
1886,0.00019847148,1593
1621,0.00019845903,1594
562,0.00019837539,1595
1691,0.00019837036,1596
2157,0.0001983398,1597
1022,0.00019830304,1598
2353,0.00019810343,1599
908,0.00019807876,1600
2681,0.00019807517,1601
1408,0.00019802988,1602
1388,0.00019788196,1603
920,0.0001977575,1604
107,0.0001977448,1605
279,0.00019764132,1606
22,0.00019756108,1607
2492,0.00019755846,1608
999,0.00019740568,1609
2461,0.00019733193,1610
926,0.000197225,1611
2464,0.00019715412,1612
155,0.00019714948,1613
2645,0.0001969198,1614
921,0.00019691631,1615
693,0.00019688795,1616
1143,0.00019660575,1617
721,0.0001963792,1618
283,0.00019634675,1619
967,0.0001962293,1620
268,0.00019613329,1621
1702,0.00019610184,1622
2755,0.0001959057,1623
2763,0.00019589541,1624
1407,0.00019589109,1625
1036,0.00019587389,1626
1417,0.0001958512,1627
1860,0.00019579848,1628
1938,0.00019572773,1629
1167,0.00019568136,1630
489,0.0001956289,1631
742,0.00019562055,1632
216,0.000195596,1633
6,0.00019559228,1634
738,0.00019558737,1635
872,0.00019555062,1636
2793,0.00019553686,1637
1725,0.00019545142,1638
1002,0.00019535793,1639
1479,0.00019525082,1640
2303,0.00019518791,1641
1599,0.00019518341,1642
1399,0.00019517097,1643
1246,0.00019511757,1644
965,0.00019495418,1645
751,0.00019491595,1646
696,0.00019488645,1647
263,0.00019477158,1648
944,0.000194755,1649
1504,0.00019468693,1650
1887,0.00019458232,1651
838,0.00019433293,1652
1586,0.00019427513,1653
201,0.00019418573,1654
2689,0.00019401591,1655
2466,0.00019394026,1656
959,0.00019391198,1657
162,0.00019388297,1658
652,0.00019374856,1659
776,0.00019362922,1660
2282,0.0001934961,1661
1825,0.00019343487,1662
642,0.00019341652,1663
439,0.0001933756,1664
969,0.00019335345,1665
2632,0.00019333742,1666
294,0.00019331067,1667
2437,0.00019313622,1668
1868,0.00019284745,1669
569,0.00019279965,1670
1330,0.00019278415,1671
1828,0.00019278203,1672
560,0.00019274355,1673
2063,0.00019271835,1674
2324,0.00019261207,1675
1262,0.00019257473,1676
1282,0.00019249231,1677
126,0.0001924753,1678
1931,0.00019241672,1679
883,0.00019239775,1680
1950,0.00019228166,1681
1918,0.00019218122,1682
629,0.00019216111,1683
1316,0.000192151,1684
24,0.00019211425,1685
1752,0.0001920464,1686
256,0.0001919684,1687
415,0.00019193029,1688
2266,0.00019186313,1689
1258,0.0001917854,1690
1721,0.0001917097,1691
1118,0.000191669,1692
1648,0.0001916192,1693
2688,0.0001916004,1694
887,0.00019153224,1695
745,0.00019145451,1696
660,0.00019141559,1697
585,0.00019139734,1698
2359,0.00019137382,1699
145,0.00019127422,1700
379,0.00019124449,1701
789,0.00019122355,1702
2452,0.00019116052,1703
1715,0.00019115751,1704
238,0.0001910351,1705
716,0.00019092741,1706
315,0.00019085528,1707
1116,0.0001908305,1708
119,0.00019081298,1709
2798,0.00019069287,1710
1499,0.00019044995,1711
1604,0.00019042354,1712
2383,0.0001903474,1713
2307,0.00019026324,1714
1948,0.00019025021,1715
2243,0.00019021382,1716
976,0.00019012457,1717
1230,0.0001900755,1718
2765,0.00019002796,1719
435,0.0001899889,1720
2718,0.0001899795,1721
2135,0.00018965585,1722
2010,0.00018965473,1723
1352,0.00018958664,1724
1274,0.0001895409,1725
998,0.00018940633,1726
170,0.00018928724,1727
575,0.00018926921,1728
1190,0.00018917327,1729
746,0.0001891667,1730
2484,0.00018913603,1731
1984,0.00018908917,1732
1847,0.00018902148,1733
517,0.00018893612,1734
735,0.00018865716,1735
582,0.0001886188,1736
1452,0.00018849579,1737
765,0.0001884578,1738
1066,0.00018843397,1739
1747,0.0001883723,1740
522,0.00018828103,1741
1250,0.00018825123,1742
1064,0.00018813997,1743
731,0.00018805626,1744
1041,0.00018804408,1745
200,0.00018784794,1746
715,0.00018783796,1747
2631,0.0001878097,1748
760,0.00018774562,1749
1428,0.00018764306,1750
1751,0.00018743367,1751
1449,0.00018726874,1752
52,0.00018716445,1753
1178,0.00018714536,1754
1450,0.00018714515,1755
1742,0.0001871024,1756
639,0.00018696686,1757
391,0.00018687684,1758
588,0.00018679538,1759
2795,0.00018673741,1760
144,0.00018672655,1761
1105,0.00018670938,1762
1737,0.00018667344,1763
1709,0.00018664388,1764
248,0.00018650209,1765
842,0.00018634777,1766
581,0.00018632817,1767
1339,0.00018618938,1768
2109,0.00018612982,1769
2045,0.00018606163,1770
1559,0.00018605047,1771
950,0.00018595775,1772
2354,0.00018595281,1773
823,0.00018578116,1774
325,0.00018572123,1775
850,0.00018555482,1776
2447,0.00018551943,1777
2006,0.00018549655,1778
172,0.00018546298,1779
691,0.00018545057,1780
1231,0.00018543431,1781
1570,0.00018536391,1782
392,0.0001853211,1783
2029,0.00018527373,1784
418,0.00018512821,1785
873,0.00018512711,1786
913,0.0001850615,1787
1824,0.00018490467,1788
1717,0.0001848901,1789
2113,0.00018487494,1790
2528,0.0001847509,1791
1161,0.00018469122,1792
2289,0.00018460958,1793
1211,0.00018459202,1794
1289,0.00018440592,1795
386,0.00018440439,1796
1162,0.0001843817,1797
779,0.00018434152,1798
2265,0.00018434104,1799
404,0.00018429839,1800
636,0.00018427912,1801
186,0.00018420511,1802
895,0.00018419705,1803
2284,0.00018411533,1804
236,0.00018394049,1805
2595,0.00018393612,1806
1855,0.0001839279,1807
1744,0.00018383111,1808
1905,0.00018375501,1809
1706,0.00018350176,1810
947,0.00018345367,1811
966,0.00018342848,1812
780,0.00018339159,1813
2734,0.00018334188,1814
1926,0.00018332922,1815
1294,0.00018328962,1816
1442,0.00018318646,1817
552,0.00018317523,1818
1629,0.00018313766,1819
146,0.00018297232,1820
1117,0.00018274992,1821
2480,0.00018269851,1822
2443,0.00018261421,1823
299,0.00018257897,1824
46,0.00018257668,1825
2304,0.00018257562,1826
1805,0.00018251903,1827
2042,0.00018242767,1828
221,0.00018242073,1829
1786,0.00018237473,1830
1915,0.00018229478,1831
1633,0.00018200169,1832
2318,0.00018183228,1833
1723,0.00018180598,1834
1205,0.00018179724,1835
1722,0.00018179682,1836
2469,0.00018176208,1837
573,0.00018169136,1838
1753,0.00018166682,1839
2536,0.00018152778,1840
1443,0.00018151532,1841
250,0.00018141323,1842
441,0.00018133786,1843
2684,0.00018117802,1844
1597,0.00018117212,1845
1024,0.00018112337,1846
2732,0.00018109876,1847
2011,0.00018107248,1848
580,0.00018102652,1849
289,0.00018098245,1850
1827,0.00018097284,1851
2738,0.00018089003,1852
2768,0.0001808362,1853
1197,0.00018070893,1854
702,0.00018063711,1855
664,0.00018062764,1856
2068,0.00018051876,1857
911,0.00018050634,1858
2418,0.00018036786,1859
208,0.00018031763,1860
190,0.00018031127,1861
1803,0.00018012818,1862
407,0.00018010447,1863
1381,0.00018008785,1864
2389,0.00018003886,1865
1842,0.00018003464,1866
2368,0.00017963069,1867
2558,0.00017957718,1868
583,0.00017946627,1869
2398,0.00017943745,1870
2590,0.00017938665,1871
1215,0.00017935527,1872
2416,0.00017935252,1873
1164,0.00017923789,1874
2133,0.00017907756,1875
1286,0.00017889534,1876
2796,0.00017883988,1877
2553,0.00017875801,1878
1729,0.00017823334,1879
1103,0.00017818162,1880
1447,0.00017815788,1881
2269,0.00017814945,1882
2531,0.00017812167,1883
863,0.00017798999,1884
275,0.00017797195,1885
1856,0.00017781225,1886
1311,0.00017777571,1887
2250,0.00017777292,1888
2340,0.00017776155,1889
26,0.00017775656,1890
2146,0.00017766244,1891
125,0.00017753388,1892
1475,0.00017752277,1893
1533,0.00017751797,1894
230,0.00017747529,1895
1579,0.0001773608,1896
1799,0.00017721874,1897
2156,0.00017701565,1898
2546,0.00017690138,1899
2230,0.00017676697,1900
635,0.00017667134,1901
1375,0.0001766244,1902
2142,0.0001765955,1903
1819,0.00017647614,1904
2283,0.00017647135,1905
1357,0.00017645836,1906
197,0.00017634312,1907
869,0.00017624027,1908
632,0.00017617158,1909
1168,0.00017602117,1910
1176,0.00017599952,1911
876,0.00017593933,1912
333,0.00017573724,1913
1558,0.0001757166,1914
497,0.00017568149,1915
2413,0.00017557683,1916
2453,0.00017556304,1917
242,0.00017555628,1918
1184,0.00017550435,1919
1731,0.00017547935,1920
449,0.00017547379,1921
943,0.00017535783,1922
697,0.00017531858,1923
714,0.00017526015,1924
930,0.00017520788,1925
1237,0.00017511511,1926
1329,0.00017507776,1927
1213,0.00017496166,1928
1588,0.0001749131,1929
2746,0.00017491182,1930
183,0.00017477013,1931
483,0.0001747157,1932
1003,0.00017467714,1933
355,0.00017465101,1934
862,0.00017464213,1935
507,0.00017463288,1936
1500,0.0001745462,1937
671,0.00017445865,1938
1534,0.00017445478,1939
1247,0.00017445014,1940
431,0.00017437935,1941
2021,0.00017422931,1942
1675,0.00017417979,1943
324,0.00017411385,1944
2072,0.00017408539,1945
1255,0.00017392584,1946
1217,0.00017389285,1947
1401,0.0001738665,1948
2229,0.00017372894,1949
2349,0.00017372552,1950
1418,0.00017371964,1951
2088,0.0001736391,1952
1775,0.00017363658,1953
960,0.00017334979,1954
2100,0.00017328376,1955
634,0.00017323096,1956
1385,0.00017322974,1957
1083,0.00017322328,1958
220,0.00017318326,1959
1858,0.0001731264,1960
2387,0.00017303739,1961
322,0.00017299494,1962
678,0.00017295938,1963
1287,0.00017288576,1964
1059,0.00017279865,1965
734,0.00017273857,1966
2777,0.00017245616,1967
884,0.00017244868,1968
297,0.00017244615,1969
1630,0.00017240201,1970
2335,0.00017236602,1971
1976,0.00017230569,1972
568,0.00017225162,1973
1108,0.00017221959,1974
1187,0.00017221474,1975
138,0.0001721596,1976
1502,0.00017210664,1977
1920,0.00017209606,1978
1930,0.00017203357,1979
555,0.00017201772,1980
1097,0.00017201324,1981
1785,0.00017198279,1982
1594,0.00017196832,1983
1783,0.00017196457,1984
2241,0.00017189661,1985
1087,0.00017183824,1986
2594,0.0001717924,1987
749,0.00017174328,1988
1789,0.00017168751,1989
2267,0.0001714807,1990
334,0.00017142808,1991
337,0.0001713333,1992
1896,0.00017121481,1993
2168,0.00017117504,1994
1281,0.0001709865,1995
1719,0.00017092173,1996
1268,0.000170917,1997
881,0.00017091673,1998
1055,0.00017086814,1999
48,0.00017078572,2000
794,0.00017074353,2001
2151,0.00017066956,2002
1554,0.00017055638,2003
2302,0.00017052963,2004
737,0.00017021339,2005
2565,0.00017020006,2006
2375,0.00017015984,2007
475,0.00017012007,2008
1852,0.00017003014,2009
732,0.00017002686,2010
1589,0.00017002299,2011
1256,0.00016966982,2012
154,0.00016959119,2013
1081,0.00016953547,2014
1355,0.00016932767,2015
718,0.00016926408,2016
1204,0.0001692546,2017
1929,0.00016912508,2018
350,0.00016911452,2019
654,0.00016897667,2020
150,0.00016895452,2021
1391,0.0001688798,2022
2571,0.00016887058,2023
1944,0.00016871683,2024
2050,0.00016857643,2025
21,0.00016857022,2026
2305,0.0001685353,2027
179,0.0001684977,2028
1354,0.0001683359,2029
586,0.00016822269,2030
741,0.00016821729,2031
892,0.00016816294,2032
265,0.00016811269,2033
2586,0.00016805327,2034
222,0.00016802076,2035
1990,0.00016798833,2036
2167,0.00016785086,2037
2529,0.00016776733,2038
1309,0.0001677632,2039
2698,0.00016764969,2040
784,0.00016755168,2041
2699,0.00016753843,2042
2369,0.00016742515,2043
448,0.0001673738,2044
1321,0.00016724037,2045
2183,0.0001671229,2046
1738,0.000166987,2047
1463,0.00016692658,2048
1849,0.0001667953,2049
768,0.00016675828,2050
1508,0.00016656225,2051
356,0.00016655104,2052
1199,0.00016650054,2053
2774,0.00016631848,2054
405,0.00016607436,2055
1991,0.0001660322,2056
2580,0.00016597926,2057
601,0.00016592772,2058
1779,0.0001659201,2059
2345,0.00016591114,2060
1016,0.0001657998,2061
2347,0.00016578908,2062
945,0.00016575183,2063
758,0.00016573808,2064
2222,0.00016554973,2065
1843,0.00016554324,2066
142,0.00016545907,2067
567,0.00016542313,2068
1968,0.00016528736,2069
1396,0.00016512166,2070
1398,0.00016499654,2071
1121,0.00016496904,2072
1620,0.0001647825,2073
663,0.00016462164,2074
447,0.00016461391,2075
1310,0.00016454533,2076
1409,0.00016449946,2077
2052,0.00016448977,2078
1323,0.00016445192,2079
1493,0.0001643647,2080
871,0.00016432519,2081
450,0.00016428324,2082
2227,0.00016406344,2083
848,0.00016385035,2084
207,0.00016380436,2085
1497,0.00016380027,2086
2145,0.00016377523,2087
2365,0.00016369316,2088
1291,0.000163245,2089
2249,0.0001632418,2090
104,0.00016320408,2091
2115,0.00016310532,2092
2160,0.0001630699,2093
406,0.00016306526,2094
870,0.0001630514,2095
1461,0.00016300872,2096
224,0.0001628889,2097
464,0.00016287278,2098
1269,0.00016272454,2099
331,0.00016263196,2100
840,0.00016253222,2101
1297,0.00016245715,2102
2471,0.00016240236,2103
1372,0.00016240023,2104
1784,0.00016238198,2105
2017,0.00016223517,2106
131,0.0001622151,2107
1364,0.00016218772,2108
344,0.00016213092,2109
2056,0.00016200614,2110
1787,0.00016184665,2111
509,0.00016170305,2112
1171,0.00016167847,2113
1290,0.00016167665,2114
1285,0.00016165081,2115
538,0.0001616458,2116
326,0.000161584,2117
1793,0.00016138433,2118
1299,0.00016134747,2119
589,0.00016130893,2120
658,0.00016118758,2121
667,0.00016096402,2122
122,0.0001606022,2123
739,0.00016054607,2124
2790,0.00016049846,2125
1320,0.0001604582,2126
1919,0.00016034045,2127
498,0.00016007756,2128
1802,0.00015974413,2129
2431,0.00015967392,2130
2008,0.00015956294,2131
2312,0.00015955906,2132
694,0.0001595571,2133
127,0.00015947921,2134
724,0.00015934404,2135
2097,0.00015928788,2136
2202,0.0001591554,2137
151,0.00015909217,2138
2764,0.00015906534,2139
31,0.0001589637,2140
2745,0.00015886103,2141
1021,0.00015884916,2142
841,0.00015880857,2143
865,0.00015879479,2144
1275,0.00015875256,2145
2223,0.00015870383,2146
1769,0.00015860217,2147
681,0.00015859983,2148
1277,0.00015840644,2149
2791,0.00015836471,2150
2582,0.00015833243,2151
1054,0.00015824454,2152
2147,0.00015819343,2153
1800,0.00015818277,2154
764,0.00015816875,2155
655,0.00015809026,2156
1192,0.00015802692,2157
1617,0.00015802524,2158
1529,0.00015800545,2159
1607,0.00015798328,2160
165,0.0001579759,2161
565,0.000157894,2162
1188,0.00015788605,2163
285,0.00015777988,2164
2649,0.00015772639,2165
669,0.00015753206,2166
1791,0.0001574976,2167
1740,0.0001573818,2168
790,0.00015723468,2169
218,0.00015717049,2170
419,0.0001568825,2171
203,0.0001566942,2172
1816,0.00015669072,2173
1614,0.00015667491,2174
2456,0.00015660161,2175
2235,0.00015655765,2176
2435,0.00015648437,2177
1319,0.0001564794,2178
1613,0.00015615606,2179
1668,0.00015596973,2180
2460,0.0001559664,2181
1317,0.00015545062,2182
198,0.00015534995,2183
227,0.0001553294,2184
1248,0.00015529041,2185
1185,0.00015525248,2186
1386,0.00015523682,2187
1239,0.00015517588,2188
164,0.00015511623,2189
1934,0.00015505312,2190
182,0.0001550402,2191
2351,0.00015493274,2192
1252,0.00015485585,2193
2562,0.00015476029,2194
1733,0.00015475217,2195
2036,0.00015470639,2196
1307,0.00015468693,2197
2552,0.00015425067,2198
2465,0.00015408122,2199
1748,0.00015407141,2200
1480,0.0001539981,2201
792,0.00015393506,2202
880,0.00015392361,2203
2007,0.00015384163,2204
725,0.00015369168,2205
2314,0.00015368662,2206
1135,0.00015359404,2207
1924,0.00015346668,2208
1306,0.00015329132,2209
1086,0.00015323644,2210
1501,0.00015318589,2211
1001,0.00015315492,2212
1865,0.00015313478,2213
767,0.00015307752,2214
2367,0.00015302822,2215
743,0.00015291896,2216
1899,0.0001528592,2217
1111,0.00015278666,2218
2519,0.00015273003,2219
2589,0.00015268185,2220
2538,0.00015253798,2221
352,0.00015246966,2222
1584,0.00015244173,2223
1716,0.00015243753,2224
1088,0.00015243409,2225
134,0.00015230339,2226
2309,0.00015220918,2227
2550,0.00015207041,2228
2327,0.00015192402,2229
2180,0.00015169363,2230
1249,0.00015159328,2231
1221,0.00015157461,2232
1473,0.0001515581,2233
777,0.00015154408,2234
1743,0.00015131176,2235
748,0.00015130943,2236
1420,0.00015121854,2237
1921,0.00015121004,2238
40,0.00015120875,2239
477,0.00015108014,2240
277,0.00015103233,2241
442,0.0001510006,2242
2274,0.00015090032,2243
2463,0.00015079949,2244
1468,0.00015078987,2245
936,0.00015071784,2246
1792,0.00015069108,2247
1264,0.00015068079,2248
33,0.00015063802,2249
2448,0.00015053927,2250
2773,0.00015035096,2251
2617,0.00015033079,2252
1201,0.00015032451,2253
942,0.00015025213,2254
2426,0.00015021481,2255
2362,0.00015010191,2256
574,0.00014996849,2257
2744,0.00014978983,2258
2584,0.00014970015,2259
1979,0.00014966626,2260
2169,0.00014961291,2261
1772,0.00014961018,2262
456,0.00014956603,2263
2628,0.00014952617,2264
1724,0.0001495042,2265
1206,0.00014932564,2266
2378,0.00014914195,2267
1245,0.00014904606,2268
525,0.00014898641,2269
1994,0.00014878101,2270
2506,0.00014873555,2271
2087,0.00014858984,2272
2350,0.0001484083,2273
2173,0.00014834478,2274
1515,0.00014826738,2275
400,0.00014814847,2276
1955,0.00014811083,2277
2258,0.00014807767,2278
1026,0.00014793806,2279
2789,0.00014783029,2280
2034,0.00014778852,2281
137,0.00014766288,2282
1096,0.00014740127,2283
49,0.00014720648,2284
1082,0.00014714748,2285
226,0.00014702983,2286
2574,0.00014702622,2287
686,0.00014698402,2288
2228,0.000146876,2289
2449,0.00014668031,2290
979,0.0001466675,2291
1750,0.00014665334,2292
365,0.0001465272,2293
578,0.0001462493,2294
1283,0.00014617859,2295
2247,0.0001460956,2296
772,0.00014599753,2297
1942,0.00014599133,2298
1916,0.0001459286,2299
437,0.00014587928,2300
2473,0.00014578599,2301
1773,0.0001455644,2302
1556,0.00014554682,2303
2332,0.0001454137,2304
2245,0.00014516777,2305
861,0.00014511755,2306
1395,0.00014501325,2307
27,0.00014500963,2308
853,0.00014476634,2309
1160,0.00014449372,2310
1808,0.00014443704,2311
2570,0.00014410749,2312
2244,0.00014407925,2313
1739,0.0001439758,2314
1696,0.00014391962,2315
209,0.00014381667,2316
2382,0.00014377308,2317
89,0.00014374805,2318
1698,0.00014363164,2319
1220,0.00014353152,2320
2319,0.00014343792,2321
1762,0.00014329857,2322
35,0.00014320138,2323
1404,0.0001431888,2324
1758,0.00014302101,2325
1628,0.0001430016,2326
2065,0.0001429186,2327
2747,0.00014289387,2328
783,0.00014285446,2329
1806,0.00014278619,2330
247,0.00014274182,2331
1010,0.00014273822,2332
2726,0.00014246357,2333
1777,0.00014245229,2334
2165,0.00014239986,2335
306,0.00014232483,2336
2794,0.00014230402,2337
446,0.00014219723,2338
1507,0.00014212426,2339
2579,0.00014209813,2340
2236,0.0001420668,2341
411,0.00014206012,2342
1349,0.00014196873,2343
2533,0.00014181541,2344
225,0.00014173522,2345
1411,0.00014171444,2346
1393,0.00014162445,2347
1732,0.00014148267,2348
647,0.00014132356,2349
1251,0.00014116976,2350
1755,0.00014104816,2351
219,0.00014103328,2352
1840,0.00014098812,2353
791,0.00014098022,2354
2446,0.00014091999,2355
2242,0.00014078955,2356
727,0.00014028452,2357
1641,0.00014026287,2358
1788,0.00014024768,2359
2049,0.00014019186,2360
2549,0.00014012969,2361
2015,0.00013998129,2362
2259,0.00013997512,2363
2221,0.0001398621,2364
2451,0.00013985526,2365
2164,0.00013982829,2366
879,0.0001397389,2367
1838,0.000139481,2368
1781,0.000139438,2369
1585,0.00013940298,2370
996,0.00013926323,2371
115,0.00013919464,2372
2391,0.00013904758,2373
700,0.00013890461,2374
189,0.0001388783,2375
272,0.0001388761,2376
118,0.00013884169,2377
2033,0.00013874978,2378
2022,0.00013866308,2379
1694,0.00013858645,2380
680,0.00013857831,2381
2144,0.00013844983,2382
1384,0.00013840912,2383
2541,0.0001380457,2384
2158,0.00013802756,2385
2170,0.00013802391,2386
1801,0.00013798957,2387
109,0.00013786131,2388
1634,0.00013786036,2389
1820,0.00013782036,2390
1029,0.00013775624,2391
328,0.00013771106,2392
2559,0.00013759393,2393
1969,0.0001373801,2394
2073,0.0001373548,2395
2414,0.00013718361,2396
1695,0.00013717507,2397
51,0.00013701449,2398
462,0.00013697635,2399
1943,0.00013690519,2400
148,0.00013680919,2401
1530,0.00013669739,2402
1313,0.00013654387,2403
2539,0.00013623576,2404
470,0.00013617479,2405
564,0.00013603209,2406
1940,0.00013597347,2407
2059,0.00013584725,2408
1627,0.00013579945,2409
1519,0.00013552795,2410
1894,0.00013548197,2411
1212,0.00013515718,2412
2720,0.00013505339,2413
2270,0.00013483981,2414
1780,0.0001347007,2415
2372,0.0001346967,2416
1713,0.00013469662,2417
2030,0.00013462598,2418
1278,0.0001342646,2419
991,0.00013402791,2420
1454,0.00013397551,2421
178,0.00013391793,2422
2608,0.00013387631,2423
329,0.00013378015,2424
1017,0.0001337136,2425
2785,0.00013370356,2426
1638,0.00013363943,2427
438,0.00013363826,2428
2280,0.00013363076,2429
2731,0.00013356922,2430
1406,0.0001335263,2431
952,0.00013352517,2432
2363,0.00013351522,2433
1616,0.00013348364,2434
1318,0.00013345004,2435
1203,0.0001334082,2436
443,0.00013328608,2437
584,0.00013323611,2438
1642,0.00013316586,2439
1163,0.00013309295,2440
1218,0.00013308968,2441
815,0.00013303242,2442
1883,0.00013293687,2443
2024,0.00013289275,2444
389,0.00013277835,2445
2330,0.00013261277,2446
1000,0.00013249587,2447
252,0.00013227358,2448
866,0.00013217847,2449
1303,0.00013204066,2450
335,0.00013155236,2451
1112,0.00013149058,2452
163,0.00013140112,2453
454,0.00013131471,2454
1692,0.00013099487,2455
2606,0.00013086008,2456
556,0.0001307251,2457
253,0.00013072242,2458
2474,0.00013063206,2459
1018,0.00013047777,2460
1257,0.00013044606,2461
1821,0.00013035019,2462
1308,0.00013015457,2463
195,0.00012995912,2464
1813,0.00012984047,2465
1812,0.00012982823,2466
80,0.00012975333,2467
2019,0.00012949313,2468
1936,0.00012942559,2469
1446,0.00012923183,2470
2237,0.00012917594,2471
1242,0.00012914177,2472
2299,0.00012891111,2473
1284,0.00012881057,2474
2733,0.00012877109,2475
1961,0.00012859545,2476
2523,0.00012836527,2477
1644,0.00012806209,2478
934,0.0001277389,2479
668,0.00012771128,2480
551,0.00012750366,2481
1424,0.00012747751,2482
1485,0.00012731086,2483
983,0.00012721802,2484
141,0.00012703495,2485
2374,0.00012689829,2486
1736,0.00012684331,2487
1466,0.0001268042,2488
856,0.00012666914,2489
2255,0.00012663136,2490
2723,0.00012661995,2491
2321,0.00012631831,2492
1727,0.00012630093,2493
728,0.00012621224,2494
2009,0.00012604277,2495
2399,0.0001257134,2496
346,0.0001254739,2497
2315,0.0001253896,2498
2328,0.00012527511,2499
2322,0.00012518874,2500
675,0.00012511516,2501
106,0.00012501786,2502
193,0.00012494536,2503
1113,0.00012487132,2504
2344,0.00012486045,2505
726,0.00012475747,2506
1917,0.0001244811,2507
2522,0.00012414627,2508
1314,0.00012409297,2509
933,0.00012408097,2510
1574,0.00012395902,2511
1701,0.00012388558,2512
1514,0.00012365346,2513
79,0.00012330808,2514
1778,0.00012286268,2515
492,0.00012282324,2516
211,0.00012274133,2517
2043,0.00012244974,2518
2040,0.00012234635,2519
2326,0.0001220859,2520
2032,0.00012206136,2521
2070,0.00012200931,2522
2472,0.00012196278,2523
2057,0.000121896875,2524
1995,0.0001217845,2525
112,0.000121635574,2526
2348,0.000121467754,2527
709,0.00012143448,2528
2547,0.00012129398,2529
665,0.000121009856,2530
2563,0.00012097818,2531
712,0.00012093838,2532
1175,0.00012083472,2533
994,0.00012049183,2534
1862,0.00012040258,2535
939,0.00012026553,2536
1795,0.00011996717,2537
1261,0.00011995722,2538
1538,0.00011987601,2539
1513,0.000119790566,2540
561,0.00011974475,2541
1488,0.00011967911,2542
1383,0.000119431956,2543
2634,0.000119131524,2544
990,0.00011907257,2545
1400,0.00011906861,2546
1699,0.00011902761,2547
2037,0.00011900619,2548
1531,0.00011891936,2549
847,0.00011888054,2550
2044,0.000118801814,2551
2020,0.00011872612,2552
53,0.000118610405,2553
351,0.000118601245,2554
1794,0.00011852844,2555
2317,0.00011825695,2556
1296,0.00011819264,2557
951,0.00011800244,2558
1503,0.00011794203,2559
756,0.00011785838,2560
1489,0.00011767425,2561
1392,0.0001173414,2562
2459,0.00011702338,2563
452,0.000116841016,2564
1798,0.000116335206,2565
935,0.00011612773,2566
2458,0.00011594685,2567
882,0.00011580996,2568
753,0.0001157983,2569
2035,0.0001156428,2570
2545,0.000115535484,2571
1196,0.00011542256,2572
1837,0.00011541401,2573
1210,0.00011523989,2574
416,0.00011512564,2575
212,0.00011482927,2576
499,0.00011463061,2577
633,0.00011451993,2578
953,0.00011451795,2579
971,0.000113979935,2580
1445,0.000113728536,2581
2041,0.00011359474,2582
1077,0.00011347693,2583
1626,0.000113344344,2584
496,0.00011328175,2585
2578,0.00011312567,2586
2248,0.000113123715,2587
2027,0.000112936206,2588
762,0.00011289356,2589
676,0.00011286285,2590
1208,0.00011283309,2591
1527,0.00011235155,2592
2263,0.00011180609,2593
466,0.00011180126,2594
2548,0.000111687914,2595
1850,0.00011121344,2596
1470,0.00011098157,2597
958,0.00011097971,2598
656,0.00011097522,2599
2739,0.00011084595,2600
192,0.00011081228,2601
2025,0.00011067764,2602
339,0.000110383924,2603
576,0.000109677894,2604
1253,0.0001094796,2605
1414,0.00010941459,2606
2320,0.00010933481,2607
2149,0.00010929491,2608
2143,0.00010929464,2609
430,0.00010897379,2610
2491,0.000108885484,2611
1202,0.00010833417,2612
2729,0.00010795113,2613
874,0.00010748493,2614
759,0.00010685872,2615
1094,0.00010672967,2616
1095,0.000106696825,2617
854,0.00010668548,2618
557,0.00010644775,2619
2521,0.000106227715,2620
1992,0.000106220585,2621
1996,0.00010581796,2622
2047,0.00010576667,2623
1714,0.00010549798,2624
785,0.00010484646,2625
2749,0.000104744395,2626
1833,0.000104437466,2627
857,0.000103902414,2628
717,0.00010342939,2629
2629,0.000103377395,2630
39,0.00010258811,2631
672,0.00010234377,2632
2048,0.00010231806,2633
982,0.000102267004,2634
50,0.000101811565,2635
987,0.000101743695,2636
1298,0.00010172822,2637
932,0.0001017019,2638
1532,0.000101272984,2639
286,0.00010085203,2640
1028,0.00010082201,2641
1496,0.00010066903,2642
2759,0.000100518286,2643
187,0.00010037258,2644
736,0.00010031279,2645
657,0.000100266676,2646
1557,0.00010021345,2647
2325,9.982601e-05,2648
2370,9.929735e-05,2649
1506,9.925798e-05,2650
2778,9.908505e-05,2651
491,9.9041885e-05,2652
2093,9.899007e-05,2653
2323,9.863103e-05,2654
2537,9.8627635e-05,2655
1552,9.801606e-05,2656
2769,9.786759e-05,2657
1933,9.73544e-05,2658
949,9.69938e-05,2659
679,9.696065e-05,2660
1019,9.662324e-05,2661
2543,9.657649e-05,2662
2039,9.6024865e-05,2663
1925,9.586214e-05,2664
1505,9.5812364e-05,2665
1639,9.5726806e-05,2666
740,9.549164e-05,2667
1397,9.515982e-05,2668
1498,9.513216e-05,2669
461,9.4932606e-05,2670
661,9.461991e-05,2671
984,9.440797e-05,2672
2728,9.435318e-05,2673
2499,9.424655e-05,2674
467,9.410958e-05,2675
425,9.392272e-05,2676
434,9.369505e-05,2677
424,9.34993e-05,2678
954,9.344845e-05,2679
1814,9.2964554e-05,2680
819,9.2870534e-05,2681
1139,9.2713715e-05,2682
2566,9.265933e-05,2683
1009,9.238656e-05,2684
1379,9.234769e-05,2685
128,9.205194e-05,2686
2534,9.1762166e-05,2687
974,9.174504e-05,2688
1104,9.1491085e-05,2689
769,9.142864e-05,2690
964,9.047626e-05,2691
931,9.0383815e-05,2692
2568,9.019918e-05,2693
1410,8.943327e-05,2694
2554,8.9006964e-05,2695
2616,8.9005414e-05,2696
2171,8.892472e-05,2697
2587,8.884039e-05,2698
136,8.743518e-05,2699
1419,8.739089e-05,2700
640,8.7277396e-05,2701
754,8.720933e-05,2702
1109,8.715811e-05,2703
1027,8.712328e-05,2704
1471,8.689919e-05,2705
997,8.680235e-05,2706
1484,8.6311455e-05,2707
445,8.60339e-05,2708
2569,8.600824e-05,2709
1823,8.5299376e-05,2710
2593,8.507517e-05,2711
2556,8.503257e-05,2712
2598,8.468597e-05,2713
730,8.389389e-05,2714
1524,8.3846266e-05,2715
938,8.346275e-05,2716
2555,8.305034e-05,2717
1993,8.228235e-05,2718
1912,8.2090904e-05,2719
2577,8.204738e-05,2720
956,8.204329e-05,2721
2076,8.125807e-05,2722
2784,8.109478e-05,2723
2455,8.01516e-05,2724
684,7.998446e-05,2725
864,7.966797e-05,2726
1549,7.8774036e-05,2727
1483,7.8735124e-05,2728
2013,7.83237e-05,2729
2060,7.8313205e-05,2730
972,7.8042816e-05,2731
1844,7.783709e-05,2732
2619,7.7345525e-05,2733
1490,7.702359e-05,2734
1467,7.646864e-05,2735
2089,7.639914e-05,2736
2127,7.584193e-05,2737
429,7.523158e-05,2738
1797,7.5148724e-05,2739
2573,7.486557e-05,2740
2542,7.464345e-05,2741
412,7.418274e-05,2742
1509,7.342724e-05,2743
2014,7.321125e-05,2744
2002,7.3088326e-05,2745
2526,7.2975585e-05,2746
401,7.274704e-05,2747
2099,7.269786e-05,2748
1265,7.179644e-05,2749
2551,7.150514e-05,2750
1368,7.1110786e-05,2751
1728,7.103795e-05,2752
408,7.0983406e-05,2753
453,7.086583e-05,2754
217,7.073247e-05,2755
1494,7.06032e-05,2756
941,7.0316564e-05,2757
1412,6.926251e-05,2758
1413,6.916493e-05,2759
1997,6.873301e-05,2760
948,6.823488e-05,2761
2343,6.808595e-05,2762
2005,6.768318e-05,2763
1110,6.7184956e-05,2764
755,6.6878434e-05,2765
778,6.67504e-05,2766
2053,6.67429e-05,2767
2018,6.626957e-05,2768
937,6.3626736e-05,2769
1517,6.342676e-05,2770
1478,6.1219886e-05,2771
206,5.959005e-05,2772
2564,5.8563284e-05,2773
2012,5.8500576e-05,2774
2535,5.8149497e-05,2775
2084,5.7714227e-05,2776
1469,5.729952e-05,2777
2062,5.6427234e-05,2778
980,5.605462e-05,2779
1999,5.6006058e-05,2780
444,5.58448e-05,2781
494,5.549803e-05,2782
427,5.4214477e-05,2783
2001,5.2812757e-05,2784
409,5.018112e-05,2785
2055,4.9732487e-05,2786
2520,4.835936e-05,2787
2544,4.7526642e-05,2788
2038,4.7033067e-05,2789
985,4.637508e-05,2790
2054,4.5587083e-05,2791
422,4.5547506e-05,2792
460,4.373392e-05,2793
1539,4.144349e-05,2794
1487,4.061679e-05,2795
1520,3.9008322e-05,2796
2524,3.4398974e-05,2797
1510,3.4150595e-05,2798
2525,3.315512e-05,2799
1482,2.8899572e-05,2800
