feature_index,importance
2672,0.19235429
2211,0.014287907
2210,0.014268278
2207,0.013433764
2204,0.011248995
2665,0.010376315
1674,0.008573395
2671,0.0058166636
2650,0.005441884
1144,0.004329422
1680,0.0037384254
2615,0.003050861
91,0.0028045601
2213,0.0026214023
1677,0.0021645243
1150,0.0020174577
2201,0.0019674213
1550,0.001889009
1671,0.0018257302
1681,0.0017035495
96,0.00168199
1545,0.0016512491
2216,0.0016298705
1151,0.0014460448
81,0.0014218548
505,0.0013909047
2077,0.0013257662
84,0.001313772
1,0.001276421
2085,0.0012735864
2612,0.0012532936
2702,0.0012284413
1683,0.0011823162
2666,0.0011381787
2640,0.0011334846
1591,0.0010900352
2209,0.0010841088
2686,0.0010578423
532,0.0010532932
1032,0.0010253241
2610,0.0010225377
623,0.0010172954
2613,0.0010118602
2652,0.0009996269
3,0.0009894255
2080,0.000923507
2092,0.0009164536
2286,0.0009052205
2215,0.00089449284
530,0.00089266524
1360,0.00088009826
2660,0.00087625463
1988,0.0008693054
490,0.00086568046
2670,0.000863154
2622,0.0008606613
2110,0.00085967605
2120,0.00085474557
1685,0.00085424114
93,0.00084579946
481,0.00083334936
705,0.00082946813
1535,0.0008240399
2625,0.00082241854
1979,0.0008162549
1880,0.0008121772
833,0.00081217417
531,0.0008075017
1335,0.00079687656
2601,0.0007934449
2486,0.0007775029
1551,0.0007750074
2105,0.00077199633
2611,0.0007672154
2121,0.0007664562
1011,0.00076167134
1153,0.0007486129
2675,0.00074770104
1562,0.00071907317
1061,0.00071000424
88,0.0007056153
1049,0.0007055761
1060,0.00069906656
1025,0.00068878994
300,0.0006856141
2,0.00068200345
1871,0.0006784951
1000,0.0006759929
1580,0.0006749445
383,0.00067162496
2588,0.0006709709
301,0.00067058066
2405,0.00066926074
2624,0.0006686379
2655,0.00065812294
1062,0.0006515401
2674,0.0006474552
1892,0.0006461942
818,0.00064264884
493,0.0006392599
614,0.0006385769
1686,0.0006358741
832,0.0006345362
2482,0.00062104006
1156,0.00061888504
302,0.00061830017
2641,0.00060804794
2122,0.0006042886
396,0.00060298544
2082,0.00059869257
1537,0.00059834094
970,0.0005969446
814,0.0005946621
2186,0.00059365114
393,0.0005923012
2836,0.0005888825
2711,0.00058781577
2200,0.0005838116
1952,0.00057952723
2605,0.0005753527
2111,0.0005728891
2425,0.000570277
535,0.0005688465
1893,0.0005676665
893,0.0005658746
2075,0.0005657642
2511,0.0005638103
1756,0.00055850536
2294,0.0005577501
1763,0.00055602554
996,0.0005557824
2661,0.00055513706
2635,0.00055293326
1065,0.0005522855
982,0.00054793514
1602,0.0005477683
0,0.00054705626
2668,0.0005454836
928,0.0005439675
799,0.0005438515
811,0.00054341846
2673,0.0005397891
1003,0.0005377944
1684,0.0005345534
1964,0.00052981195
2300,0.00052673026
1965,0.0005263512
1665,0.0005247561
98,0.00052184437
2481,0.000521392
2212,0.0005213388
2664,0.00052076526
1020,0.0005133966
44,0.0005126065
1034,0.00051241653
102,0.0005122404
1547,0.00051198166
1590,0.0005095802
200,0.00050904695
1474,0.00050611096
2094,0.0005060886
114,0.00050608034
905,0.0005056391
2190,0.000505169
2011,0.0005045132
1575,0.00050209765
55,0.0004999931
1426,0.0004996824
2181,0.00049761205
620,0.0004974839
1361,0.0004970412
390,0.0004965521
2707,0.0004960149
2175,0.00049569743
792,0.0004924212
2421,0.00049235113
2183,0.00048945745
1977,0.00048840855
353,0.00048464106
362,0.00048407272
1045,0.00048174907
471,0.00048064196
504,0.00047985392
908,0.00047771694
696,0.00047299924
574,0.000471848
1148,0.00047184748
2663,0.0004718386
413,0.00047028167
913,0.00046994328
360,0.00046956583
2507,0.0004688868
2499,0.000467776
1593,0.00046733514
2662,0.0004670022
89,0.00046646077
606,0.00046546166
502,0.00046519496
2422,0.00046475825
361,0.00046465875
1595,0.0004624748
2651,0.0004622106
540,0.00046074542
609,0.00045930184
803,0.0004581104
1031,0.00045729216
1063,0.00045573036
1758,0.00045496612
2633,0.00045341605
2295,0.0004518046
1015,0.00045130373
1458,0.00044978262
1141,0.00044823607
344,0.00044789555
2379,0.00044595805
425,0.0004447809
61,0.00044467338
923,0.00044429992
281,0.00044421668
1565,0.0004410833
2658,0.0004396399
276,0.0004395825
547,0.0004394868
2083,0.00043901714
1660,0.00043878023
2106,0.00043857878
1057,0.00043784262
2084,0.00043631787
1350,0.0004334696
60,0.00043222294
2488,0.0004313349
2378,0.00042935807
1233,0.00042909698
831,0.00042808364
628,0.00042762034
600,0.00042758582
1607,0.00042721062
892,0.00042680794
271,0.00042594539
213,0.0004250914
1363,0.00042504218
2411,0.00042395393
1162,0.00042362508
2423,0.00042352648
1770,0.0004234707
1569,0.00042328757
2644,0.00042286786
2603,0.00042284292
140,0.00042140236
693,0.00042131357
1078,0.00042122428
1137,0.00042070972
549,0.00042053265
2078,0.00042051016
177,0.00041966015
1516,0.00041846329
631,0.00041824984
1342,0.00041769672
1147,0.00041561382
2109,0.00041533087
2503,0.00041483945
621,0.0004143995
598,0.00041418945
2634,0.00041385955
1578,0.00041378356
2413,0.0004130294
1374,0.00041200302
1667,0.00041090403
1014,0.00041077367
1435,0.00041046416
1932,0.0004082176
1764,0.00040714088
1910,0.0004070425
9,0.00040551086
1989,0.000405358
1345,0.00040375793
806,0.00040228807
618,0.00040214884
2830,0.0004019042
625,0.00040098256
1432,0.00040010968
1981,0.0003992909
451,0.0003991375
71,0.0003990473
2693,0.0003984945
515,0.00039758903
160,0.00039737183
1957,0.00039717503
1583,0.00039698288
1603,0.00039683987
1900,0.00039637208
2667,0.00039574294
1658,0.00039573968
1177,0.00039523435
2290,0.00039458144
2716,0.00039379418
1440,0.0003935917
1831,0.00039331493
704,0.00039322136
1122,0.0003932104
2407,0.00039317386
2123,0.00039316827
1023,0.00039223628
1703,0.0003917361
2886,0.00039161308
644,0.0003915647
2091,0.00039156276
2293,0.00039131267
1670,0.00039129946
500,0.00039127414
1765,0.00039107903
1456,0.00039053318
2052,0.00039001871
1592,0.00038967188
1544,0.00038909347
2139,0.00038823893
2761,0.00038753825
2657,0.00038638548
2496,0.0003862349
398,0.00038594927
1441,0.00038580966
2593,0.00038579546
835,0.00038574424
1300,0.00038481902
2217,0.00038458483
2095,0.00038391378
591,0.0003836378
646,0.0003835974
1362,0.0003832697
1364,0.00038314852
1253,0.0003830469
1074,0.00038198582
76,0.0003819315
2394,0.00038119586
75,0.00038118407
1908,0.00038076387
604,0.00038044748
1652,0.00038021486
1325,0.0003801006
1891,0.00037965542
1429,0.0003790243
174,0.00037874276
607,0.00037864258
841,0.0003785839
2513,0.00037817442
1881,0.00037816804
1136,0.0003776516
1625,0.00037749976
1877,0.00037735738
898,0.00037654713
534,0.00037629312
592,0.0003760507
801,0.0003758481
708,0.00037513173
1371,0.00037512375
1262,0.00037479788
538,0.00037289003
1059,0.00037242574
518,0.00037235516
839,0.0003708102
1422,0.00037075163
182,0.00037068894
1328,0.00037066982
357,0.00037057177
544,0.00037017092
241,0.00036956053
611,0.00036928113
2646,0.0003682184
1438,0.0003680674
1904,0.0003677285
2303,0.00036739427
1135,0.00036661924
699,0.00036643294
1149,0.00036632433
2827,0.00036603885
1528,0.00036547397
1009,0.00036471884
1134,0.0003646763
2506,0.0003646566
70,0.0003643284
1244,0.00036431392
821,0.00036427026
843,0.0003638412
1073,0.0003636455
2500,0.00036340856
13,0.00036323693
2071,0.0003630719
1276,0.00036258297
368,0.00036227476
2067,0.00036202188
2430,0.00036198215
2656,0.00036129914
605,0.0003610649
2495,0.00036086308
379,0.00036047297
2694,0.00036029957
2710,0.00036024966
2208,0.0003601082
73,0.00035989558
720,0.0003598146
2677,0.0003595657
2540,0.0003595316
2434,0.00035918038
847,0.000358329
1953,0.0003580391
303,0.00035753392
1402,0.00035675478
1622,0.0003567222
2719,0.00035667766
1597,0.00035667053
1942,0.00035601947
2388,0.00035599162
1380,0.0003559839
378,0.00035524004
85,0.00035516193
510,0.00035500628
2654,0.00035406763
1970,0.0003538533
2196,0.0003535803
1771,0.00035351343
2252,0.00035320254
1538,0.00035267635
519,0.00035248298
2136,0.00035094365
1132,0.0003501816
2304,0.000349689
2433,0.00034952507
796,0.00034940793
2621,0.00034928968
1736,0.0003492885
456,0.00034899457
39,0.00034874713
2705,0.00034860743
2682,0.00034856
601,0.00034802366
90,0.00034782133
255,0.00034772747
2828,0.00034762005
469,0.00034757922
120,0.00034754994
1457,0.00034714796
1548,0.00034650695
1437,0.00034640214
2636,0.00034596448
2401,0.00034589705
1158,0.00034584312
2700,0.00034567373
800,0.0003454242
2502,0.00034466994
1448,0.00034443513
810,0.00034324135
2187,0.00034320785
2428,0.0003428696
82,0.00034251722
2112,0.00034246503
910,0.000342232
2137,0.00034221853
1459,0.00034212496
1576,0.0003420351
1980,0.00034172015
1359,0.00034140114
1040,0.0003413309
1875,0.00034101243
1420,0.00034057934
643,0.0003405153
2721,0.00034047497
384,0.00033951903
1427,0.00033885136
1140,0.00033879493
2788,0.0003387325
541,0.0003385549
2583,0.00033807367
2133,0.00033747498
480,0.00033664002
860,0.00033661028
1874,0.00033628978
543,0.00033628652
1066,0.00033553122
2404,0.00033523745
895,0.0003350808
476,0.00033499664
527,0.00033494394
1130,0.00033457595
31,0.00033456204
920,0.00033439024
891,0.00033383156
2497,0.00033347216
1599,0.00033326866
1618,0.00033308836
906,0.00033298117
1666,0.00033233193
1209,0.0003322211
169,0.00033190276
2408,0.0003317128
562,0.0003313803
2429,0.00033134414
1969,0.00033079268
135,0.00033053078
1579,0.00033009046
1279,0.0003296759
1830,0.0003295293
2760,0.000329513
1556,0.00032902224
1127,0.00032899628
2129,0.00032890806
1962,0.00032869194
185,0.00032791487
56,0.000327743
2643,0.00032758125
2558,0.00032755814
2177,0.00032743704
2846,0.00032722863
2043,0.000326964
1608,0.00032672702
2773,0.00032650493
1128,0.00032502992
781,0.00032502762
62,0.00032455457
1974,0.00032443073
2669,0.00032436012
990,0.00032430567
935,0.0003236811
2498,0.00032349263
985,0.0003234036
1752,0.0003231947
1379,0.00032313063
1687,0.0003230313
484,0.00032298674
58,0.00032282842
522,0.00032265647
1499,0.00032229282
1161,0.00032189407
2516,0.00032179526
375,0.000321706
2093,0.0003216913
1657,0.00032140146
2288,0.0003211505
2081,0.00032114921
2205,0.00032035765
1048,0.00032031155
173,0.0003201936
184,0.0003199311
1334,0.00031986277
257,0.00031961413
2518,0.00031912737
1043,0.0003189279
593,0.00031868904
2637,0.0003184805
1668,0.0003184006
273,0.00031801796
1216,0.0003178728
1495,0.00031786592
1069,0.00031774837
2291,0.00031727794
1601,0.0003172205
524,0.0003167038
2589,0.00031646562
2756,0.0003161457
2597,0.0003156425
2287,0.00031540243
2073,0.00031517408
1453,0.0003150138
2604,0.00031501378
2151,0.00031466054
2276,0.00031447934
1125,0.0003144771
1154,0.0003144203
703,0.00031432466
1234,0.0003142979
2690,0.0003142797
2752,0.00031408854
626,0.00031379794
2143,0.00031341458
1825,0.00031335387
78,0.00031309412
1070,0.00031266318
95,0.00031264988
1586,0.00031259083
2712,0.00031210945
1991,0.00031176113
1434,0.00031176035
2214,0.00031143657
2659,0.0003113729
2063,0.00031062867
1444,0.0003103835
581,0.0003103594
894,0.00031021627
1289,0.0003100881
380,0.00031000323
2504,0.0003098696
1561,0.00030981022
436,0.00030968367
886,0.00030965472
2582,0.0003095442
1478,0.0003095389
1418,0.00030933792
2626,0.00030907255
2490,0.0003086984
1527,0.0003085937
67,0.00030841067
34,0.00030818646
2167,0.00030805537
1866,0.000307936
1333,0.00030790138
1600,0.00030772807
171,0.0003074514
1263,0.00030719073
2152,0.00030696898
1451,0.00030696223
2280,0.00030693677
376,0.0003066001
32,0.00030640975
2542,0.0003062126
1948,0.00030602602
1664,0.00030601234
1754,0.0003055551
1143,0.0003054552
590,0.00030535995
2512,0.00030522974
2776,0.000304958
1567,0.00030473858
275,0.00030462325
181,0.00030454862
2452,0.00030438762
2831,0.00030379678
2397,0.00030361512
80,0.0003036117
2313,0.0003034941
2718,0.00030340286
926,0.00030336893
2715,0.00030310065
2751,0.0003030286
1700,0.00030298138
2492,0.0003028189
459,0.00030272594
533,0.0003026112
440,0.00030259925
1890,0.00030228694
69,0.0003021832
1634,0.00030211775
1311,0.0003020351
1455,0.0003015211
382,0.0003014032
1669,0.00030136478
1987,0.00030118215
2770,0.00030110547
74,0.00030090607
1903,0.00030082354
2701,0.00030068448
641,0.00030058238
529,0.00030045307
752,0.00030035828
57,0.00030031917
709,0.00029998075
1555,0.00029991672
12,0.00029987798
2897,0.0002997389
1347,0.00029947286
617,0.00029924963
902,0.00029896878
1080,0.00029883013
277,0.00029866834
1521,0.00029825035
1038,0.00029780582
1967,0.00029775634
1747,0.00029773774
1611,0.0002977295
2590,0.00029769304
2580,0.00029750154
2480,0.00029737584
1790,0.0002971713
2638,0.0002968075
1344,0.00029635083
1693,0.00029589652
311,0.00029583403
2552,0.00029582056
1751,0.00029545955
1139,0.00029514503
1133,0.0002946644
366,0.00029459843
1174,0.00029455707
1190,0.00029438964
175,0.00029431845
897,0.00029424057
2680,0.00029422995
2725,0.00029396464
2562,0.000293877
11,0.0002936911
2476,0.0002935311
2832,0.00029347275
661,0.0002934712
14,0.00029314065
2189,0.00029313032
2494,0.0002928338
864,0.00029277534
846,0.00029269993
1436,0.0002926479
482,0.0002925475
1662,0.00029251588
2834,0.00029240138
279,0.0002914057
2132,0.0002911892
1865,0.0002910583
513,0.00029060338
690,0.00029039563
63,0.00029038583
2403,0.0002903137
1938,0.0002901809
1570,0.0002899761
1651,0.000289906
1626,0.00028964825
1390,0.00028947595
5,0.00028936783
1862,0.00028934548
820,0.00028929414
1760,0.00028913724
2653,0.000289028
1329,0.00028887685
2118,0.00028853503
2772,0.00028853116
100,0.00028849713
1876,0.0002884835
2398,0.00028847618
2180,0.00028841873
2501,0.00028822134
2229,0.00028795374
2555,0.00028778135
639,0.00028772553
1688,0.0002877173
1722,0.00028768013
2703,0.0002876222
2515,0.00028738118
932,0.0002872144
1086,0.00028690745
1582,0.0002866464
2113,0.0002864995
1217,0.00028648262
844,0.00028606752
2483,0.0002855791
872,0.0002855734
2046,0.00028539004
2639,0.00028514792
2691,0.0002847076
1972,0.00028466192
1978,0.0002846563
520,0.0002838433
170,0.00028359023
1870,0.00028346266
1280,0.00028344363
1327,0.00028341595
2740,0.00028336607
750,0.00028332567
766,0.00028299942
2197,0.00028296735
542,0.00028295114
1745,0.00028291025
1286,0.00028287127
180,0.00028268652
1986,0.0002825027
2102,0.00028249662
2174,0.00028239595
280,0.00028221647
2519,0.00028177156
2031,0.0002813272
1259,0.00028126006
901,0.00028113445
2309,0.00028102324
2424,0.00028100694
1705,0.00028097685
805,0.0002809713
2171,0.00028085912
2182,0.00028073153
1746,0.00028047414
119,0.00028022644
358,0.00028010842
2564,0.00028008525
1181,0.00028002152
369,0.00027995429
238,0.00027986933
1241,0.0002798122
113,0.00027960312
2386,0.00027948155
1191,0.0002794146
730,0.00027899348
1042,0.0002788876
2231,0.000278771
1349,0.00027870704
991,0.00027866822
1927,0.00027861964
556,0.00027845614
2876,0.00027831795
2648,0.00027823893
1479,0.000278135
2323,0.0002781116
2393,0.00027806
1397,0.0002779991
1376,0.0002779019
419,0.00027754702
2539,0.00027742572
1709,0.00027741826
2697,0.00027738317
1261,0.00027736157
599,0.00027732793
468,0.0002773117
649,0.0002771321
798,0.00027690802
2219,0.00027680062
1292,0.00027671063
2311,0.00027665094
157,0.00027657297
2124,0.00027647906
308,0.00027638883
2195,0.0002760804
2165,0.00027602192
1226,0.00027591785
632,0.00027584704
263,0.00027578758
1558,0.00027551368
363,0.00027548464
141,0.0002753661
523,0.0002749674
249,0.00027491015
516,0.00027479834
1126,0.00027479508
508,0.00027477596
1884,0.00027472642
2188,0.00027462989
297,0.0002746006
748,0.00027455512
903,0.0002745083
2736,0.00027427755
77,0.00027413334
6,0.00027406987
274,0.00027403815
330,0.00027382656
261,0.00027349038
1157,0.00027338104
2858,0.00027328666
1423,0.0002732864
2862,0.00027314672
2153,0.0002730767
1774,0.0002730612
2310,0.00027283104
1960,0.00027251808
1449,0.00027218286
1708,0.00027204718
2837,0.0002720327
260,0.0002719649
1630,0.00027183487
441,0.0002717183
1428,0.00027153062
610,0.00027145445
2125,0.00027129374
743,0.00027114336
2687,0.00027112992
714,0.00027112538
1101,0.00027108318
2297,0.0002701872
52,0.00026972737
1594,0.00026971207
1222,0.00026945176
258,0.00026936046
2493,0.00026913025
546,0.0002690101
215,0.00026898543
2089,0.0002689788
1343,0.00026885926
430,0.00026878796
1949,0.0002678424
41,0.00026780542
501,0.0002677839
1430,0.00026773577
966,0.00026760032
2676,0.00026738335
2241,0.0002672778
2395,0.0002672063
1256,0.00026702008
1931,0.00026684263
963,0.00026681778
1699,0.0002666627
178,0.00026666027
2730,0.0002664416
2376,0.00026622694
101,0.0002656306
2426,0.00026560336
2239,0.0002655633
314,0.0002654545
320,0.00026542632
1848,0.00026538904
385,0.00026530933
1052,0.00026508028
2296,0.00026505438
2234,0.00026500903
2491,0.00026488467
1071,0.00026482547
1142,0.00026452268
1966,0.00026436587
2688,0.0002642867
205,0.0002641491
1064,0.0002640369
1661,0.00026394377
2826,0.00026368172
629,0.00026357253
282,0.00026354022
310,0.0002634682
1896,0.00026340142
907,0.0002633913
1240,0.00026337794
2683,0.00026337756
603,0.00026336382
1844,0.00026336306
1395,0.0002633393
2130,0.00026305244
1762,0.00026299042
202,0.0002628533
2194,0.00026265523
1859,0.0002624004
1338,0.00026228468
2275,0.00026222138
355,0.00026218875
262,0.00026217205
2642,0.00026216073
1678,0.0002619211
1370,0.00026183543
1409,0.00026181916
1721,0.000261588
1381,0.00026142198
294,0.00026134748
770,0.0002611155
1851,0.00026085365
1041,0.00026079448
587,0.00026042783
1337,0.00026033504
659,0.0002602007
881,0.00025994345
1493,0.00025993976
683,0.0002596339
1368,0.00025960532
18,0.00025935567
2003,0.00025930715
210,0.00025928146
1901,0.0002590727
1679,0.00025891606
2107,0.00025865532
220,0.0002585741
2173,0.00025855144
318,0.00025844606
1911,0.00025843133
477,0.0002584268
1889,0.0002583499
1089,0.00025830616
550,0.0002582549
64,0.00025823532
1656,0.00025815083
162,0.0002578077
1204,0.00025769052
1739,0.0002576588
1523,0.00025764265
2278,0.00025718438
2026,0.000257128
2689,0.00025699142
594,0.00025664264
2755,0.00025659465
873,0.00025654174
203,0.0002564385
2684,0.0002562284
1645,0.00025616674
2763,0.00025613452
914,0.0002560401
158,0.00025603944
1572,0.0002559395
2227,0.0002558331
797,0.0002556787
1623,0.0002556673
795,0.00025548757
1318,0.00025547497
1958,0.00025539714
564,0.0002553675
2847,0.00025526588
725,0.0002551187
2854,0.00025499164
2324,0.0002549859
176,0.00025492592
315,0.0002549054
28,0.00025489012
2566,0.00025465613
68,0.00025457898
2131,0.00025426224
919,0.00025423718
2459,0.00025398252
1902,0.00025391177
1985,0.00025387286
706,0.00025364946
40,0.00025338904
1044,0.00025329835
1424,0.00025321383
1408,0.00025311223
1056,0.00025283196
1194,0.00025280274
2059,0.00025276575
107,0.0002527277
1092,0.00025265623
545,0.00025260824
136,0.00025255798
2645,0.00025230672
1509,0.00025226705
1775,0.00025220137
2396,0.00025193073
2321,0.00025172587
827,0.00025158242
1581,0.00025147948
830,0.00025111766
2193,0.00025109795
2741,0.00025107164
2365,0.00025092222
1155,0.00025069786
710,0.00025051096
837,0.00025047752
343,0.0002502925
1291,0.00025023756
765,0.00025011686
2248,0.00025001
878,0.00024992815
2243,0.00024987466
2835,0.00024954614
551,0.00024948604
1159,0.00024946785
1682,0.00024939858
2412,0.00024938173
2578,0.00024908572
1895,0.00024869727
1628,0.00024860652
2390,0.0002485777
226,0.00024852713
2035,0.0002482742
1541,0.00024825064
233,0.000248173
815,0.00024805442
1785,0.00024766487
974,0.00024765474
1433,0.00024761262
539,0.00024751242
1755,0.0002473394
2436,0.0002473278
2695,0.00024730276
851,0.00024729606
1976,0.00024722418
2098,0.00024713113
763,0.0002471082
131,0.00024693983
1654,0.0002466394
1899,0.00024650336
1863,0.0002463731
2696,0.00024623732
2431,0.00024621448
1321,0.00024617987
1055,0.00024609733
751,0.0002460831
1879,0.00024579227
1759,0.00024552457
1858,0.00024534843
612,0.00024519337
1168,0.0002450329
1383,0.0002449148
367,0.00024485102
838,0.00024482617
2302,0.00024472608
917,0.00024470148
2598,0.00024469438
1315,0.00024438524
744,0.00024419487
1189,0.0002441357
439,0.00024396498
2355,0.00024391542
2340,0.00024385481
924,0.00024374557
2161,0.00024366577
489,0.00024361008
686,0.00024341738
2127,0.00024334418
2138,0.00024320082
1366,0.00024311454
563,0.00024303328
72,0.00024302903
1102,0.00024299155
2457,0.00024288382
2576,0.0002427704
388,0.00024272902
1780,0.00024242842
1281,0.0002422733
23,0.00024223876
1873,0.0002421894
1983,0.00024196446
553,0.00024180024
2630,0.00024169314
244,0.0002416908
2400,0.00024166363
2780,0.00024161837
163,0.00024150191
2607,0.00024125143
1152,0.00024119699
1146,0.00024084427
2305,0.00024078182
2312,0.00024068549
651,0.00024063801
29,0.00024061884
2096,0.00024049761
602,0.00024048456
2115,0.000240351
1868,0.00024022404
586,0.0002401172
1596,0.00023992948
1039,0.00023991083
269,0.00023990062
1676,0.0002398832
802,0.00023980725
1823,0.00023976673
1650,0.00023973931
1341,0.00023961245
2713,0.00023939193
1081,0.00023923532
165,0.0002389061
1407,0.00023862785
2222,0.00023857757
164,0.00023841449
1637,0.00023835555
548,0.00023832038
1176,0.00023816961
828,0.00023801818
2058,0.0002379343
313,0.0002377485
2334,0.00023765801
2842,0.00023764362
306,0.0002375146
1883,0.00023724954
1208,0.00023716237
2410,0.0002371234
867,0.00023711282
1973,0.00023705106
406,0.00023703094
387,0.00023702743
228,0.0002369862
745,0.00023686286
731,0.00023672788
2825,0.00023666318
918,0.00023661347
1288,0.0002364123
1961,0.00023619406
2892,0.00023607691
900,0.00023595947
1212,0.00023583998
613,0.00023562477
494,0.00023533532
698,0.00023522682
1054,0.00023516169
1164,0.0002350273
211,0.00023449874
2191,0.00023436663
1200,0.0002343344
371,0.00023431121
669,0.00023411283
2244,0.00023378008
2271,0.0002337371
2025,0.00023341058
1956,0.0002333092
1847,0.00023328132
1617,0.00023322791
356,0.00023308802
1635,0.00023298309
1798,0.00023293615
526,0.00023290505
1266,0.0002328713
2218,0.00023259112
1339,0.00023241327
66,0.00023216938
338,0.00023215273
59,0.0002321378
1107,0.0002320533
10,0.00023197044
922,0.00023178523
1860,0.00023174702
2685,0.00023157804
359,0.00023153226
927,0.00023147973
1518,0.00023142611
791,0.00023138174
1093,0.00023103894
1058,0.00023096106
38,0.00023068085
1373,0.00023051769
1984,0.00023037389
2119,0.0002302523
392,0.00023006562
87,0.00023003148
1694,0.00023001642
1109,0.00022953039
1997,0.00022930681
495,0.00022913759
418,0.00022911406
1926,0.00022907008
104,0.00022894041
887,0.00022893531
660,0.00022885537
2261,0.00022861596
1564,0.00022858965
579,0.00022835891
138,0.00022822035
789,0.0002281996
2742,0.00022817208
2479,0.00022813382
1077,0.00022810408
1560,0.00022792217
2474,0.00022787807
285,0.00022775483
2514,0.00022771016
2108,0.00022768938
559,0.00022758161
2841,0.000227576
697,0.00022748881
337,0.0002273865
79,0.00022732347
1118,0.00022702843
1614,0.00022697901
1887,0.00022696842
2797,0.00022693668
128,0.00022687016
1088,0.00022655934
2333,0.00022652974
1929,0.00022650567
849,0.00022649036
1330,0.00022640772
1846,0.00022638346
1235,0.00022619465
1804,0.00022613497
1357,0.00022611207
1372,0.00022603392
199,0.00022589446
630,0.00022583266
595,0.00022568279
2116,0.0002256339
1096,0.00022560036
2647,0.00022551465
2839,0.00022549958
2281,0.00022546333
253,0.00022544152
636,0.00022537018
188,0.00022537012
912,0.0002252309
988,0.00022521372
1206,0.00022518454
1631,0.00022510278
717,0.00022506763
536,0.00022506193
1672,0.00022492064
26,0.00022469879
2465,0.0002246327
995,0.00022446096
1024,0.00022438851
1982,0.00022437694
1827,0.00022419803
622,0.00022417212
761,0.0002240821
2896,0.00022405892
252,0.00022396377
2557,0.00022357781
2364,0.0002235008
345,0.00022349933
1004,0.00022349575
1201,0.00022330187
268,0.00022319981
166,0.00022319137
1519,0.00022308195
156,0.00022296802
235,0.00022273441
1720,0.00022263637
1834,0.00022249878
817,0.00022245706
2880,0.00022242853
1314,0.00022241905
2895,0.000222401
2172,0.00022237752
1050,0.00022233544
2019,0.00022223234
83,0.00022220927
2392,0.00022198645
1169,0.0002219072
1816,0.00022188142
1577,0.00022182426
2414,0.00022175595
777,0.0002217484
585,0.00022167583
2371,0.0002216381
1937,0.00022154649
1659,0.00022151652
2851,0.00022142907
655,0.00022137126
1649,0.00022122565
259,0.00022120937
1237,0.00022118783
1160,0.0002211873
1316,0.00022109775
1753,0.00022108166
2306,0.00022099564
421,0.0002209486
404,0.00022091788
633,0.00022091584
575,0.00022080886
420,0.00022071606
769,0.00022056472
240,0.00022042147
286,0.00022036694
457,0.00022017653
808,0.00022000598
1322,0.00021998509
2845,0.00021998349
2416,0.00021994593
877,0.00021992947
1697,0.0002199062
105,0.00021970707
1165,0.00021956833
2242,0.00021947152
1076,0.00021933601
1175,0.0002191559
904,0.00021913281
2463,0.00021913182
2285,0.00021880641
123,0.0002183757
1769,0.00021834283
2144,0.0002182102
1606,0.00021814204
2308,0.00021812548
675,0.00021798647
2581,0.00021789604
2289,0.00021775492
342,0.00021770872
2509,0.00021768396
1123,0.00021758766
2556,0.0002175609
1192,0.00021739394
331,0.00021731944
1075,0.00021725975
1138,0.00021725046
1616,0.00021706587
1113,0.00021706443
1690,0.000217039
7,0.00021676625
1385,0.00021674475
1793,0.00021664628
969,0.00021661764
853,0.00021641108
111,0.00021640788
1946,0.00021633715
374,0.00021593248
2510,0.00021585978
597,0.00021572993
888,0.00021570631
329,0.00021567255
332,0.00021560292
2844,0.00021546101
999,0.00021535596
2240,0.00021533636
1783,0.00021532201
2765,0.00021526022
8,0.00021514817
2771,0.00021510635
2382,0.00021485543
1030,0.0002147967
1646,0.0002147628
1675,0.00021470877
558,0.0002147032
2030,0.00021468638
2873,0.0002146653
377,0.00021460219
1878,0.00021457738
2361,0.00021448007
2160,0.00021446684
2380,0.00021439117
691,0.00021432726
1223,0.00021432023
118,0.00021406656
1166,0.00021376078
2277,0.00021363705
2619,0.00021360969
2870,0.0002135401
2867,0.00021349287
561,0.0002134608
1108,0.0002134092
307,0.00021339855
758,0.00021327478
2838,0.00021320747
155,0.00021320643
2185,0.00021320189
1171,0.00021318367
317,0.00021311671
1473,0.00021305181
1723,0.00021304376
1389,0.00021288476
2623,0.00021283564
1079,0.00021283314
1898,0.00021282675
511,0.00021276566
682,0.00021241489
394,0.0002123509
589,0.00021229773
1610,0.00021211788
2726,0.0002119503
340,0.00021192664
198,0.00021192207
97,0.00021188801
1442,0.00021187017
2320,0.00021179041
1691,0.00021178553
2420,0.00021169285
232,0.00021168542
2888,0.00021165369
692,0.0002114653
1643,0.00021144035
1348,0.00021126163
874,0.00021125966
2282,0.00021122028
17,0.00021119502
657,0.00021095763
144,0.00021077387
2451,0.00021075274
397,0.00021073122
861,0.00021068145
2699,0.00021067205
325,0.00021066873
2438,0.00021065268
2443,0.0002106358
762,0.00021061637
194,0.00021045844
804,0.00021040165
1053,0.00021039862
1914,0.0002103479
571,0.00021024376
2777,0.00021023239
1232,0.0002101282
2791,0.0002097497
1400,0.0002097156
2254,0.00020959986
2461,0.00020953553
1340,0.00020953083
2344,0.00020951497
1230,0.00020947616
1778,0.0002093304
650,0.00020925983
1072,0.00020923722
2750,0.00020919154
1236,0.00020914225
2383,0.00020913404
1445,0.00020886002
862,0.00020885101
2453,0.00020881003
1246,0.00020875718
2103,0.00020859866
231,0.00020858149
1028,0.000208558
889,0.00020853069
1355,0.00020848883
196,0.00020838437
856,0.00020837954
1275,0.00020816404
2478,0.0002081215
2798,0.00020794981
159,0.0002079432
1748,0.00020783558
1270,0.00020781864
1227,0.00020775183
673,0.00020774768
2272,0.0002076727
386,0.00020758306
755,0.00020751277
43,0.00020741367
470,0.00020725785
1852,0.00020725079
870,0.00020711939
191,0.00020699918
304,0.0002069926
2301,0.00020696473
49,0.00020688174
711,0.0002068144
1173,0.00020680754
695,0.00020653084
108,0.00020643149
671,0.00020639907
998,0.00020631794
2439,0.00020631295
2869,0.00020624833
2534,0.00020617504
1735,0.00020614827
1331,0.00020601308
2199,0.00020598435
2372,0.00020586229
2384,0.0002058383
2543,0.0002058118
2852,0.00020573853
2415,0.00020566421
167,0.00020563274
373,0.00020558735
2722,0.00020556223
2594,0.00020539937
1051,0.00020537229
2628,0.00020525967
1179,0.00020501748
868,0.00020487237
1761,0.00020486591
1046,0.00020483987
1841,0.00020476666
973,0.00020474917
759,0.0002046439
201,0.0002046257
890,0.00020453476
584,0.00020437353
1589,0.00020429728
944,0.00020424406
1604,0.00020423168
1934,0.00020414624
1197,0.00020412276
2449,0.00020401874
568,0.00020399634
1725,0.00020395897
1552,0.00020387511
2620,0.00020385375
2101,0.00020378284
1425,0.00020377748
2717,0.00020355667
1254,0.00020344507
1766,0.00020310462
1021,0.00020282312
627,0.00020273213
333,0.00020268744
1807,0.00020258647
882,0.00020258491
1278,0.00020253069
1163,0.0002025186
1797,0.00020246305
1920,0.00020245282
2631,0.00020242059
151,0.00020240672
1454,0.00020224748
2787,0.00020210056
142,0.00020207015
137,0.00020193134
16,0.00020189962
103,0.00020180197
2877,0.00020176399
2471,0.00020152153
834,0.00020134987
2314,0.00020118502
1501,0.00020117391
2315,0.00020107414
206,0.00020093999
218,0.00020092688
733,0.00020086204
292,0.00020067881
391,0.000200606
2609,0.0002005761
496,0.00020055192
22,0.00020051848
2744,0.00020045269
986,0.00020041814
1274,0.00020008243
2860,0.00020005579
2850,0.00020002056
1515,0.00019999493
2706,0.00019982636
1767,0.00019979756
921,0.00019976076
2366,0.00019963225
1010,0.00019957972
36,0.00019949352
237,0.00019948832
86,0.00019948489
2466,0.00019940027
503,0.00019932339
1574,0.00019921873
2467,0.0001991774
728,0.00019906113
402,0.00019890125
1906,0.000198659
2148,0.00019854718
2720,0.00019849805
1750,0.00019835308
1517,0.00019825484
323,0.00019825304
525,0.00019824998
1356,0.00019814099
2746,0.00019803703
635,0.00019797905
896,0.00019780286
2206,0.00019772637
2419,0.00019758215
2602,0.00019757338
753,0.00019735521
2342,0.00019722075
684,0.00019715386
299,0.00019698165
1789,0.0001969229
1944,0.00019680784
2262,0.00019679882
701,0.00019675026
2475,0.00019666927
2331,0.00019661995
1320,0.0001963609
2796,0.00019635192
1450,0.0001962856
929,0.0001962835
1885,0.00019627868
681,0.00019625208
2853,0.00019624842
2097,0.00019622898
1129,0.00019616244
2855,0.00019603372
498,0.0001959867
2269,0.00019590768
217,0.00019580977
2470,0.00019575741
826,0.0001956721
687,0.0001956652
652,0.00019557575
2150,0.00019553702
2363,0.00019549023
437,0.00019526495
1712,0.00019503266
2332,0.00019501917
2595,0.00019476957
1452,0.00019474467
350,0.00019462254
256,0.00019461694
2883,0.00019460804
712,0.0001945731
2487,0.00019454697
2385,0.00019437724
219,0.00019411487
1525,0.00019405609
1776,0.0001940522
2178,0.00019402475
1100,0.000193822
2145,0.00019362885
1336,0.00019362626
1258,0.00019361703
2246,0.00019357448
1605,0.00019357083
2484,0.00019355473
2890,0.00019350646
1384,0.00019347726
740,0.0001932568
521,0.000193244
899,0.00019320878
2402,0.00019319732
506,0.00019312055
109,0.00019309948
1799,0.00019308686
2249,0.00019308607
242,0.00019298508
431,0.00019292234
1950,0.00019290404
2233,0.00019273396
94,0.00019264471
724,0.00019257469
1095,0.00019255652
229,0.00019245478
732,0.00019225133
1653,0.00019220101
190,0.00019211514
1295,0.00019200893
2391,0.0001919058
1909,0.0001918385
1207,0.00019176604
936,0.00019160369
2427,0.00019159586
1111,0.00019146474
243,0.00019142215
1829,0.00019136739
1386,0.00019136159
2432,0.0001913402
747,0.0001913072
780,0.00019122247
112,0.00019121979
212,0.00019113605
1794,0.0001909953
670,0.00019082504
2739,0.00019082185
608,0.00019066743
1704,0.00019065093
2351,0.0001906007
1114,0.00019053253
99,0.00019049502
2198,0.00019043355
2764,0.00019036558
946,0.00019032993
2840,0.00019028058
466,0.00019023659
2829,0.00019021131
370,0.00019016804
836,0.00019009887
2237,0.00018978698
2571,0.00018978301
319,0.0001897299
2090,0.00018961872
1624,0.00018942813
645,0.0001894277
1297,0.00018939041
1084,0.00018933088
1251,0.00018924556
2163,0.00018920463
756,0.0001890338
616,0.00018903152
883,0.00018903032
2135,0.00018900374
1037,0.00018895687
204,0.00018892027
1701,0.00018887834
455,0.00018882849
552,0.00018881155
1121,0.00018874483
707,0.00018869955
1540,0.0001885022
2627,0.00018838403
21,0.00018832486
2381,0.00018832227
2708,0.00018830864
2709,0.0001882919
2681,0.0001882855
2002,0.00018828137
2444,0.00018797863
4,0.00018792305
2462,0.00018788221
2024,0.00018777122
764,0.00018772368
772,0.00018766608
53,0.00018746099
2508,0.00018745966
290,0.0001873679
1917,0.00018711569
2251,0.00018697615
1231,0.00018695914
967,0.00018695762
486,0.00018677073
816,0.00018668523
254,0.00018653738
1729,0.00018638873
1219,0.00018624935
685,0.00018621137
2079,0.00018597589
1369,0.00018594853
154,0.00018593436
2126,0.0001859176
1842,0.0001858408
1332,0.0001858398
771,0.00018574613
1963,0.0001857315
283,0.00018543274
2341,0.0001853598
737,0.00018534588
2505,0.0001852258
2350,0.00018516573
2335,0.00018508665
1178,0.00018492412
1312,0.00018489624
2005,0.00018480764
863,0.0001847521
127,0.00018471915
2168,0.00018460191
2283,0.00018460095
2260,0.00018455462
1867,0.00018450012
179,0.00018445427
2464,0.0001844311
150,0.00018437205
572,0.00018428316
2473,0.00018428055
2757,0.00018425412
432,0.00018424343
1401,0.00018424202
2373,0.00018407921
24,0.0001839538
1647,0.00018393528
787,0.00018380157
309,0.00018376861
20,0.00018360077
251,0.00018355041
1293,0.0001835428
1358,0.000183525
517,0.00018347776
1403,0.0001834099
147,0.00018330975
528,0.00018315077
132,0.00018310055
2857,0.00018303984
875,0.00018300375
2230,0.0001829859
2224,0.00018295975
266,0.00018288194
2074,0.00018284637
2692,0.00018284233
1857,0.00018276126
1924,0.00018269761
713,0.00018259107
1800,0.00018248828
1098,0.00018240919
284,0.00018236075
884,0.00018235469
1533,0.00018212046
648,0.00018200092
2868,0.00018196933
2735,0.00018196684
1534,0.00018187433
2225,0.00018184316
1791,0.00018182816
416,0.00018179949
854,0.00018176116
15,0.00018174328
139,0.00018171666
819,0.00018166198
2134,0.00018145144
1480,0.00018144377
2792,0.00018140336
880,0.00018137702
824,0.00018135193
2072,0.00018126471
842,0.00018126024
1512,0.0001812248
1777,0.00018114237
925,0.00018098997
1017,0.00018094332
1573,0.00018073553
2875,0.00018070685
1115,0.00018060779
1186,0.00018056763
1103,0.00018054071
305,0.00018034123
615,0.00018029382
381,0.00018028311
1416,0.00018026737
1741,0.00018024181
794,0.00018015008
852,0.0001800923
2785,0.00018006489
216,0.00018005038
885,0.00017988886
1353,0.00017977228
488,0.00017973152
2104,0.00017971684
1812,0.00017961419
395,0.00017947935
1260,0.00017944784
2238,0.00017944445
1781,0.00017937721
1398,0.0001792941
2070,0.00017904959
1813,0.00017886616
236,0.00017877884
2517,0.00017870057
679,0.0001785324
1710,0.0001784484
1035,0.00017840396
2887,0.00017829136
1238,0.00017812746
1714,0.00017806978
1913,0.00017787445
2441,0.000177864
1584,0.00017784702
1036,0.00017784214
2724,0.000177835
341,0.00017762357
1006,0.00017734808
557,0.00017726819
2041,0.00017723409
223,0.000177214
1563,0.00017703399
1255,0.0001770067
1094,0.00017698262
414,0.0001768615
1612,0.00017683563
840,0.00017679168
1487,0.00017666927
2141,0.0001765701
509,0.00017649335
2044,0.0001762584
115,0.00017618021
911,0.00017617988
1007,0.00017612419
2535,0.0001760744
2319,0.0001759325
1221,0.00017592659
183,0.000175882
1935,0.00017583623
2678,0.00017571216
2458,0.00017567731
2349,0.00017567296
2442,0.00017559502
2762,0.00017557941
825,0.00017552925
1496,0.00017551506
624,0.00017545743
1828,0.00017540186
981,0.00017538614
2861,0.0001753259
702,0.00017531643
1218,0.00017527168
1224,0.00017515096
1655,0.00017511664
1971,0.00017458833
1068,0.00017450046
1641,0.00017449816
1439,0.0001743942
2345,0.00017436483
126,0.00017435437
1172,0.00017435136
2316,0.00017432784
2577,0.00017419874
1620,0.00017418334
222,0.0001741749
1110,0.00017410929
512,0.00017399888
1391,0.00017396035
1303,0.00017387581
1185,0.0001738668
153,0.00017380221
47,0.00017380064
1182,0.00017373767
715,0.000173544
2781,0.00017346807
1301,0.00017330064
2162,0.00017327342
2789,0.00017313688
2203,0.0001730863
1378,0.00017306529
943,0.00017301572
1090,0.00017269007
964,0.00017264592
2370,0.00017254156
2158,0.00017242685
2176,0.00017242618
2226,0.0001723677
1663,0.00017232538
2575,0.00017216471
1782,0.00017212302
945,0.0001720278
640,0.00017200959
1689,0.00017198591
736,0.00017196886
2184,0.00017185924
1475,0.00017180323
778,0.00017171405
746,0.00017164041
1888,0.00017151612
738,0.00017134986
2758,0.00017127492
2140,0.00017113562
1257,0.00017098487
316,0.00017089758
365,0.0001708459
336,0.00017071213
1975,0.00017069481
125,0.00017064597
1933,0.00017053878
994,0.0001705308
1392,0.00017051189
1955,0.00017048362
1431,0.00017042234
133,0.00017033907
957,0.00017031963
2330,0.00017031796
638,0.00017017953
931,0.0001700954
1740,0.00017003914
46,0.00016989752
2117,0.00016985368
2045,0.00016975946
487,0.0001697435
1131,0.00016970931
2028,0.00016969378
1787,0.00016963795
2147,0.00016955686
2336,0.00016947591
949,0.00016924215
2170,0.00016923615
2779,0.00016921463
757,0.00016907782
473,0.00016880015
1861,0.00016858567
2833,0.00016855384
347,0.0001685438
193,0.00016854012
1467,0.00016853464
1285,0.00016851179
507,0.0001685089
2882,0.00016848257
859,0.00016838693
2374,0.00016807226
1199,0.00016805636
1167,0.00016805323
1919,0.00016802864
1939,0.0001679151
1180,0.00016774709
2445,0.00016770234
465,0.00016761545
492,0.00016758285
1193,0.00016747012
148,0.0001674342
2356,0.00016739138
2264,0.00016725785
2192,0.00016698736
1598,0.00016688494
783,0.0001668391
566,0.00016680961
2767,0.00016680533
1367,0.00016672186
2202,0.00016663146
2747,0.00016661252
1784,0.00016659075
933,0.00016657436
1644,0.00016647263
2377,0.00016636301
2255,0.0001663399
729,0.00016633316
1928,0.00016625621
666,0.00016621107
637,0.00016613606
718,0.00016613038
1213,0.00016610438
1814,0.00016609306
1826,0.00016585099
1808,0.00016577827
2874,0.00016568005
239,0.00016547226
1627,0.00016541436
1091,0.0001653745
1405,0.00016536693
1613,0.00016513799
1730,0.00016507025
2357,0.00016496365
2435,0.00016482601
1568,0.00016482527
1446,0.00016455355
909,0.00016417023
192,0.00016415522
938,0.00016379352
1843,0.00016370934
858,0.0001636718
2775,0.00016366481
1083,0.00016363576
1718,0.00016361449
1923,0.00016361309
172,0.00016346993
1119,0.00016342451
2754,0.00016338559
1588,0.00016334624
65,0.00016331875
2100,0.00016320242
865,0.00016291786
1393,0.00016287052
596,0.00016285118
1715,0.00016281233
187,0.00016268229
1531,0.00016266883
554,0.0001626624
1702,0.00016264307
195,0.0001626069
1811,0.00016256423
2360,0.00016239681
1717,0.0001623918
2455,0.00016235697
1566,0.00016233107
389,0.00016229945
1845,0.00016228989
1087,0.00016228933
1421,0.00016219386
1768,0.00016215864
1940,0.0001618758
124,0.00016167232
1387,0.00016165055
146,0.00016154838
663,0.00016145782
1248,0.00016136463
264,0.00016115516
813,0.00016104008
2266,0.00016103346
1854,0.00016086189
1820,0.00016080643
287,0.00016057801
958,0.00016051675
2065,0.0001604728
250,0.00016046021
1744,0.00016044737
1897,0.00016043312
2592,0.00016037427
721,0.00016026908
1249,0.00016025415
1529,0.0001601235
1734,0.00016008242
324,0.0001600768
1815,0.0001600738
1377,0.00016007124
1082,0.00016006787
364,0.00015991132
2263,0.00015988896
2893,0.00015980566
2259,0.00015972363
354,0.00015965292
2253,0.0001596166
1838,0.00015958601
1205,0.00015945833
433,0.0001593709
1757,0.00015932215
822,0.00015918235
1619,0.00015917455
722,0.00015908334
1869,0.00015901125
2337,0.00015897627
1642,0.00015884812
2532,0.00015878734
845,0.00015878484
1202,0.00015864824
1309,0.00015862696
2258,0.0001583478
1792,0.00015819928
1287,0.00015815078
289,0.00015799292
335,0.00015778186
2591,0.00015768532
1229,0.00015761187
2446,0.00015757282
2004,0.00015754225
2375,0.0001575142
2440,0.0001574989
221,0.00015745577
658,0.00015740488
689,0.0001573375
1396,0.00015725146
573,0.0001572356
2437,0.00015707707
143,0.00015702556
968,0.00015696386
348,0.00015694057
1247,0.00015692945
619,0.00015687358
754,0.00015686017
942,0.0001568227
293,0.00015659677
2616,0.00015644472
2881,0.00015643673
2338,0.00015625502
1809,0.00015619751
688,0.00015617878
246,0.00015614834
2843,0.0001561027
2064,0.00015590574
1840,0.00015590526
145,0.00015584573
2157,0.00015563637
234,0.00015556593
2257,0.00015545385
775,0.00015537422
555,0.00015532979
2790,0.0001551909
2221,0.00015499987
2448,0.00015491246
2632,0.00015485473
807,0.00015473909
2399,0.00015467405
328,0.00015442786
334,0.00015442177
871,0.00015438153
1633,0.0001542855
2768,0.00015419448
768,0.00015417751
2468,0.00015411925
1375,0.0001540951
2154,0.00015399503
2734,0.00015393646
1585,0.00015387607
1220,0.00015375664
1951,0.00015370255
2586,0.0001533554
352,0.0001532525
1732,0.00015311244
2061,0.00015294846
1855,0.00015292407
2649,0.00015282481
992,0.00015282456
1959,0.00015281797
1481,0.00015262069
2454,0.00015260313
1615,0.000152588
464,0.00015238485
1930,0.00015236162
773,0.00015232731
130,0.00015202348
2560,0.00015199088
2863,0.00015191412
1968,0.00015147579
2347,0.00015139312
1414,0.00015129571
583,0.00015109887
537,0.00015101359
2778,0.00015101129
677,0.0001509564
786,0.00015086572
1810,0.00015080693
2265,0.0001507221
2088,0.00015071941
288,0.00015068913
954,0.00015054793
823,0.00015044304
245,0.00015042143
1170,0.00015041664
45,0.0001502865
2723,0.00015025542
2849,0.00015016641
1047,0.00014988617
2731,0.00014988327
1497,0.00014983412
1145,0.00014982844
1886,0.00014981325
1510,0.00014980295
1317,0.00014975513
2406,0.00014972565
92,0.00014954737
664,0.00014911375
2774,0.00014872938
972,0.00014855755
1272,0.0001484652
2714,0.00014838307
1916,0.00014833921
742,0.00014808307
2872,0.00014804455
1447,0.00014800162
790,0.00014784555
2704,0.00014781434
1724,0.00014768906
2766,0.00014763777
1211,0.00014748405
1018,0.0001474295
1673,0.00014731594
1214,0.0001472567
2000,0.00014721497
149,0.00014713331
423,0.00014706673
947,0.00014692746
2795,0.00014691554
1351,0.00014683676
1995,0.00014671698
214,0.00014659237
565,0.0001465829
1850,0.00014640167
2848,0.0001463876
1027,0.00014632395
2885,0.00014621281
2055,0.00014614592
959,0.00014604225
321,0.0001456786
785,0.000145568
1836,0.00014549038
2743,0.00014543143
1731,0.00014542927
1097,0.00014529425
1936,0.00014522483
1394,0.00014508652
1013,0.00014495455
734,0.00014462814
1711,0.00014459043
2223,0.00014439774
1404,0.00014434016
161,0.00014431126
1918,0.00014429099
454,0.0001438766
51,0.00014385604
110,0.00014383692
2782,0.0001438109
2099,0.00014370166
1215,0.00014355646
1915,0.00014349174
2267,0.00014347828
168,0.00014341122
1749,0.00014304554
2268,0.00014281114
424,0.00014275606
2553,0.00014274452
1822,0.00014269071
1801,0.00014265424
2029,0.00014235626
2521,0.0001423489
1698,0.00014218596
1243,0.00014215008
37,0.00014212624
2232,0.00014162026
578,0.00014155667
1203,0.00014132624
2292,0.00014131103
2894,0.00014128913
1743,0.00014122206
727,0.00014112341
662,0.00014102491
2317,0.0001407537
1411,0.00014070528
1319,0.00014062955
654,0.00014058551
788,0.00014054403
399,0.00014045036
19,0.00014044667
577,0.00014040682
1412,0.00014040356
1471,0.0001401834
1609,0.0001401653
647,0.00014014715
121,0.00013998566
2159,0.00013981784
1542,0.0001396915
1636,0.00013964363
1553,0.00013940212
1469,0.00013935912
2352,0.0001392218
2450,0.00013903291
2245,0.00013896696
2328,0.00013895273
474,0.0001388327
2737,0.0001388177
1188,0.00013877763
2749,0.0001387522
291,0.00013859711
723,0.00013853543
1788,0.00013852346
322,0.00013851622
405,0.00013849749
295,0.0001384784
2417,0.00013827463
2727,0.00013813571
642,0.00013804565
855,0.00013790342
2698,0.0001378591
2745,0.00013781058
1587,0.0001377369
567,0.00013753797
446,0.00013746714
1294,0.00013712102
209,0.00013703485
2250,0.00013697658
2389,0.00013697182
415,0.00013679349
2759,0.00013677076
25,0.00013657245
2537,0.00013645999
2596,0.00013639686
2220,0.00013618381
1779,0.00013605785
1106,0.00013605613
2169,0.00013599194
2236,0.00013583216
774,0.00013573717
2879,0.0001355459
2563,0.00013553553
1864,0.00013512178
2871,0.00013511258
961,0.00013509575
27,0.00013504262
950,0.00013503249
312,0.00013494518
1716,0.00013492153
2339,0.00013487437
2387,0.00013479
1692,0.00013474567
227,0.00013456689
676,0.00013455073
1299,0.00013453074
2359,0.0001343543
2284,0.00013432391
1522,0.0001343142
2565,0.00013428618
580,0.00013428464
2270,0.00013392366
1352,0.00013377391
2866,0.00013373433
674,0.00013366372
327,0.0001332451
2629,0.00013323611
417,0.00013306113
937,0.00013305634
2128,0.00013304123
1872,0.00013292719
784,0.0001329121
2550,0.00013282165
1296,0.00013278554
1806,0.00013276815
779,0.00013273115
1306,0.00013271577
2368,0.00013268572
1821,0.00013265063
2033,0.00013248782
678,0.00013247805
576,0.00013241706
1264,0.00013239321
2056,0.00013232203
1571,0.00013215037
2358,0.00013207094
116,0.00013182445
1640,0.00013170726
848,0.00013158098
2057,0.00013152101
2570,0.00013145979
2738,0.00013142815
1621,0.00013141187
1832,0.0001313578
975,0.00013102841
1463,0.00013102431
48,0.0001309872
2008,0.00013091874
2530,0.00013090663
793,0.00013086865
667,0.0001308508
1737,0.00013082694
939,0.00013057959
2456,0.00013047546
1468,0.00013041722
411,0.00013033865
478,0.00013033758
1504,0.00013012988
2784,0.00013001043
1629,0.00013000348
1346,0.00012989374
741,0.00012971958
1905,0.00012968334
1268,0.00012965778
50,0.0001293024
582,0.00012929423
1733,0.0001292701
876,0.00012911299
987,0.00012905375
1104,0.00012904494
2748,0.00012880632
570,0.00012875137
247,0.0001287474
1265,0.00012862863
2256,0.00012851274
267,0.00012826157
2235,0.0001282333
2889,0.00012821986
2409,0.00012805058
443,0.00012796857
1354,0.00012785487
1112,0.00012782832
2799,0.00012777203
1033,0.00012776243
1706,0.00012750014
1907,0.00012735532
2447,0.00012732892
1773,0.00012731549
2783,0.00012721127
739,0.00012708738
2346,0.00012704224
2898,0.00012700204
2477,0.00012675874
940,0.00012654474
850,0.00012653832
1639,0.00012644765
1228,0.00012640072
186,0.0001263638
1638,0.00012624863
2068,0.00012615722
782,0.00012586046
2786,0.00012571247
1183,0.0001256236
2343,0.00012557497
2149,0.00012530784
1304,0.00012530676
1882,0.00012526853
1726,0.00012523559
2325,0.00012517332
265,0.0001251161
1925,0.00012508348
2524,0.00012499855
2053,0.00012488084
1120,0.00012487959
2298,0.00012462819
2865,0.00012461095
2326,0.00012455111
2608,0.00012450837
2369,0.00012438254
2307,0.00012424651
2793,0.00012418418
634,0.00012418356
2020,0.00012414041
1326,0.00012408754
2023,0.00012406913
1460,0.00012399329
42,0.00012392203
1511,0.00012380783
2728,0.00012350446
1323,0.00012331794
1514,0.00012326552
2418,0.00012304651
225,0.00012301542
916,0.00012299659
35,0.0001229523
346,0.00012288785
2460,0.00012284715
2318,0.00012263279
1252,0.0001224959
1099,0.000122069345
2164,0.000122042344
1802,0.00012203021
1922,0.00012195661
1819,0.00012194426
812,0.00012193998
2353,0.00012182208
278,0.00012167839
224,0.000121650126
129,0.00012150114
2086,0.000121500845
428,0.0001214584
1464,0.000121317025
1856,0.000121220626
298,0.000121203586
1796,0.00012116341
2599,0.00012087773
1947,0.000120644574
2348,0.0001206318
716,0.00012049216
2279,0.000120343975
2856,0.000120336794
1117,0.000120259
976,0.000120215474
230,0.000120029465
1818,0.00011989449
2614,0.000119863114
117,0.00011972017
1817,0.000119662785
962,0.0001195411
1530,0.00011937904
915,0.00011930689
1833,0.00011929721
1559,0.000119257376
1835,0.00011921016
2155,0.00011906103
426,0.00011893241
1526,0.000118899254
270,0.000118794414
653,0.00011867341
1719,0.000118606746
438,0.00011856253
1085,0.0001185125
1696,0.00011850571
588,0.00011830252
1713,0.00011810295
1225,0.00011805143
2039,0.000117839685
1290,0.00011779571
1308,0.00011779018
2016,0.000117783005
1187,0.00011776811
1184,0.00011759568
497,0.00011759368
879,0.000117497104
296,0.000117227944
997,0.000117181015
1786,0.00011710946
1728,0.00011700512
1267,0.000116811345
1324,0.00011680815
122,0.000116805655
2027,0.000116687435
749,0.00011640602
2322,0.00011639983
1945,0.00011629877
2166,0.00011618743
760,0.00011613101
1271,0.000116091775
869,0.00011593563
1388,0.0001158412
2769,0.00011581468
857,0.00011581468
989,0.00011550375
1196,0.00011544805
2606,0.00011539605
1485,0.00011533478
2536,0.000115241244
1894,0.000115086856
2228,0.000114657945
2794,0.00011464175
1116,0.00011453874
866,0.00011446988
1242,0.00011423497
407,0.000114102884
1313,0.00011397735
1507,0.00011393358
2878,0.00011382146
700,0.00011380787
2891,0.00011370515
1772,0.00011368272
656,0.00011363175
197,0.000113210226
1382,0.000113141454
1239,0.000113094036
1795,0.000112815105
2021,0.000112643815
1498,0.00011242402
735,0.00011218163
208,0.00011210572
2864,0.00011210202
1273,0.00011195616
2733,0.00011140567
1954,0.00011098817
189,0.000110958215
2156,0.00011089615
106,0.0001107134
719,0.00011060417
930,0.00011033401
442,0.00011012797
2273,0.00011009455
349,0.000110026056
1803,0.00010998696
30,0.00010941469
1490,0.00010937854
569,0.000109353125
1632,0.00010927724
2012,0.00010920781
2544,0.00010894228
767,0.00010889725
2087,0.00010840951
33,0.00010814837
2049,0.000108137094
272,0.00010790431
2561,0.00010787771
2274,0.0001077548
1284,0.0001076594
1839,0.00010765642
1198,0.00010737046
326,0.00010736521
2142,0.0001072787
1269,0.00010709693
1742,0.000107064836
54,0.000106893596
2541,0.00010684445
726,0.00010681354
1417,0.00010656776
1022,0.000106537846
453,0.00010646322
1648,0.000106303436
2327,0.00010615341
2732,0.000106144034
2146,0.00010600624
462,0.00010579633
2584,0.0001055177
248,0.00010518646
948,0.0001050559
491,0.00010493542
1415,0.00010488399
2329,0.00010487525
979,0.00010484737
1738,0.00010480963
2362,0.00010475343
2014,0.000104650695
2546,0.00010455569
410,0.00010421176
444,0.000104061204
2354,0.00010367152
1310,0.000103441875
665,0.00010295714
960,0.00010293834
1491,0.000102761085
1012,0.00010259977
694,0.00010210316
408,0.00010176097
2299,0.000101064004
2247,0.00010092686
1727,0.00010066882
1283,0.00010041957
1513,9.9834266e-05
2617,9.963399e-05
1245,9.94089e-05
1489,9.891071e-05
1853,9.889248e-05
1302,9.885441e-05
1305,9.822076e-05
1921,9.8155935e-05
2040,9.779328e-05
2013,9.766711e-05
463,9.742535e-05
1707,9.7285134e-05
207,9.700623e-05
980,9.686508e-05
1277,9.6765085e-05
1298,9.639414e-05
2528,9.6061194e-05
1524,9.526943e-05
435,9.512661e-05
809,9.5058305e-05
1837,9.496496e-05
1105,9.416635e-05
1824,9.333609e-05
1805,9.283663e-05
460,9.237146e-05
672,9.2070026e-05
2114,9.200769e-05
2554,9.181318e-05
934,9.174474e-05
2367,9.170068e-05
971,9.1429945e-05
2051,9.125686e-05
2469,9.119105e-05
776,9.106213e-05
1124,9.0998634e-05
1399,9.087353e-05
1008,9.03734e-05
2007,9.0370406e-05
1210,8.9907095e-05
2884,8.982998e-05
1483,8.982084e-05
2032,8.9701665e-05
829,8.957598e-05
560,8.920354e-05
2036,8.868059e-05
1470,8.8593384e-05
2548,8.8404304e-05
2076,8.75469e-05
1195,8.74807e-05
2485,8.727561e-05
412,8.7055145e-05
445,8.693807e-05
1508,8.692391e-05
993,8.679329e-05
965,8.640139e-05
1502,8.588457e-05
1282,8.578105e-05
1943,8.5711625e-05
1486,8.533633e-05
1482,8.517501e-05
1488,8.514895e-05
1410,8.48561e-05
1849,8.484031e-05
400,8.443904e-05
2048,8.442249e-05
485,8.4339685e-05
668,8.43245e-05
955,8.416573e-05
2899,8.328549e-05
2047,8.308024e-05
1365,8.305485e-05
499,8.2464496e-05
1413,8.2463725e-05
1067,8.206462e-05
2859,8.018857e-05
1484,7.961857e-05
461,7.911988e-05
479,7.901074e-05
1419,7.868201e-05
2054,7.856672e-05
152,7.8565434e-05
1472,7.81529e-05
2179,7.766771e-05
2547,7.7123e-05
1250,7.6959404e-05
2585,7.6859564e-05
2529,7.6008866e-05
1912,7.5242e-05
2042,7.515512e-05
953,7.51316e-05
1695,7.495158e-05
483,7.4908196e-05
1477,7.426803e-05
2679,7.411679e-05
1532,7.356489e-05
2022,7.344261e-05
1549,7.33708e-05
372,7.332079e-05
2753,7.3208685e-05
458,7.170373e-05
1506,7.1190945e-05
1941,7.1070725e-05
2472,7.051525e-05
134,6.980212e-05
1539,6.976998e-05
1002,6.9585716e-05
1999,6.93628e-05
2009,6.910795e-05
401,6.895108e-05
956,6.853994e-05
2567,6.831924e-05
514,6.81781e-05
1492,6.805452e-05
339,6.79875e-05
1500,6.707159e-05
1503,6.67727e-05
2010,6.660098e-05
984,6.655259e-05
2037,6.578089e-05
2034,6.551775e-05
1029,6.516243e-05
1465,6.512199e-05
1520,6.503164e-05
2520,6.4883236e-05
1543,6.47744e-05
1443,6.437263e-05
951,6.433682e-05
2572,6.397483e-05
2729,6.3628126e-05
2549,6.3624895e-05
409,6.362297e-05
1406,6.3261825e-05
1998,6.29889e-05
2579,6.284341e-05
2489,6.283809e-05
434,6.2470295e-05
429,6.219157e-05
2015,6.21608e-05
2050,6.142253e-05
2569,6.101918e-05
2038,6.09837e-05
2587,6.0651633e-05
680,6.0245515e-05
2533,6.0022536e-05
1005,5.933669e-05
1026,5.915793e-05
2574,5.9027185e-05
452,5.8913953e-05
2526,5.8721744e-05
1536,5.832551e-05
952,5.8150497e-05
2066,5.7985013e-05
1307,5.7955884e-05
1557,5.706402e-05
422,5.6110664e-05
2618,5.5811124e-05
1994,5.5615317e-05
2523,5.5232143e-05
1992,5.5111035e-05
450,5.4703825e-05
403,5.4218042e-05
2545,5.3562777e-05
1546,5.3211555e-05
2060,5.312199e-05
448,5.2151252e-05
2559,5.123331e-05
1990,4.962228e-05
2527,4.9444236e-05
351,4.9131857e-05
2069,4.880084e-05
1466,4.840988e-05
449,4.694171e-05
1494,4.6811696e-05
1001,4.520904e-05
2001,4.506052e-05
1019,4.4671557e-05
2538,4.376723e-05
1996,4.369251e-05
2573,4.2297062e-05
1554,3.9956787e-05
1462,3.857776e-05
978,3.8295584e-05
1993,3.8116887e-05
2568,3.7911366e-05
2551,3.774445e-05
2531,3.7054007e-05
1461,3.6482445e-05
427,3.6385674e-05
977,3.485813e-05
941,3.415897e-05
467,3.3934255e-05
2522,3.358394e-05
472,3.3448192e-05
2062,3.3406013e-05
1016,3.18498e-05
2006,3.1337793e-05
983,3.0568313e-05
1476,2.8899094e-05
2600,2.788122e-05
475,2.7478463e-05
2525,2.6468118e-05
447,2.2188053e-05
2018,2.0670836e-05
2017,2.031012e-05
1505,7.850444e-06
2816,0.0
2814,0.0
2815,0.0
2820,0.0
2817,0.0
2818,0.0
2819,0.0
2821,0.0
2822,0.0
2813,0.0
2808,0.0
2812,0.0
2811,0.0
2810,0.0
2809,0.0
2807,0.0
2806,0.0
2805,0.0
2804,0.0
2803,0.0
2802,0.0
2801,0.0
2800,0.0
2823,0.0
2824,0.0
